Heure;Conso
1;977
2;587
3;535
4;851
5;1129
6;515
7;548
8;501
9;693
10;713
11;858
12;759
13;1320
14;2336
15;1017
16;845
17;950
18;1069
19;805
20;938
21;1069
22;1082
23;2185
24;1267
25;964
26;627
27;627
28;600
29;667
30;647
31;600
32;601
33;1953
34;2363
35;2634
36;2085
37;680
38;752
39;687
40;627
41;680
42;1333
43;1168
44;673
45;1380
46;1095
47;1241
48;1148
49;667
50;1419
51;389
52;456
53;435
54;443
55;607
56;765
57;806
58;1669
59;1261
60;535
61;1366
62;765
63;779
64;832
65;1630
66;1307
67;1505
68;1122
69;1135
70;1016
71;1122
72;1215
73;1590
74;621
75;554
76;568
77;567
78;555
79;620
80;568
81;1491
82;1043
83;581
84;647
85;2514
86;3122
87;898
88;937
89;2118
90;1149
91;1109
92;1029
93;1109
94;845
95;845
96;660
97;468
98;1419
99;508
100;515
101;475
102;436
103;495
104;726
105;640
106;858
107;1195
108;1386
109;924
110;746
111;818
112;858
113;898
114;1042
115;1360
116;2330
117;1293
118;1083
119;1043
120;1016
121;990
122;1030
123;620
124;502
125;528
126;1531
127;561
128;534
129;608
130;831
131;832
132;897
133;819
134;785
135;726
136;845
137;858
138;845
139;792
140;772
141;957
142;871
143;924
144;660
145;1175
146;4561
147;1834
148;429
149;449
150;469
151;442
152;436
153;673
154;686
155;621
156;567
157;489
158;686
159;667
160;924
161;1056
162;1069
163;864
164;680
165;746
166;766
167;805
168;699
169;832
170;2198
171;2257
172;2218
173;402
174;495
175;607
176;740
177;732
178;475
179;416
180;535
181;719
182;673
183;654
184;765
185;429
186;489
187;858
188;897
189;885
190;719
191;739
192;462
193;905
194;2237
195;581
196;462
197;482
198;468
199;416
200;653
201;713
202;726
203;508
204;495
205;594
206;627
207;528
208;462
209;502
210;422
211;634
212;898
213;679
214;693
215;832
216;607
217;819
218;2197
219;614
220;502
221;416
222;448
223;2746
224;680
225;719
226;462
227;482
228;482
229;468
230;647
231;772
232;819
233;620
234;693
235;792
236;792
237;673
238;707
239;950
240;1016
241;1386
242;2416
243;535
244;475
245;402
246;469
247;469
248;481
249;759
250;1624
251;1822
252;3300
253;3055
254;977
255;726
256;977
257;2132
258;1386
259;1960
260;759
261;409
262;423
263;435
264;350
265;957
266;977
267;383
268;349
269;416
270;396
271;416
272;627
273;1445
274;878
275;832
276;2475
277;2732
278;1611
279;871
280;1056
281;1122
282;3029
283;1967
284;2884
285;1234
286;2805
287;1479
288;1043
289;1874
290;568
291;613
292;528
293;594
294;575
295;528
296;818
297;673
298;667
299;620
300;370
301;429
302;567
303;700
304;574
305;502
306;594
307;647
308;884
309;739
310;819
311;910
312;806
313;1135
314;2297
315;811
316;462
317;449
318;456
319;462
320;587
321;686
322;515
323;706
324;522
325;435
326;555
327;587
328;753
329;778
330;766
331;898
332;1709
333;792
334;871
335;1083
336;600
337;1003
338;2198
339;574
340;495
341;436
342;488
343;608
344;686
345;627
346;1564
347;667
348;574
349;805
350;937
351;2185
352;1901
353;726
354;884
355;1802
356;772
357;825
358;726
359;1003
360;693
361;396
362;344
363;778
364;997
365;383
366;383
367;389
368;587
369;627
370;594
371;344
372;409
373;594
374;594
375;383
376;613
377;766
378;706
379;713
380;1003
381;1175
382;1082
383;1070
384;825
385;1089
386;2197
387;588
388;561
389;600
390;647
391;726
392;871
393;2112
394;2594
395;2653
396;469
397;1036
398;1096
399;488
400;2086
401;1373
402;719
403;1511
404;2251
405;1122
406;1333
407;1822
408;1043
409;712
410;515
411;423
412;481
413;482
414;1512
415;607
416;600
417;693
418;581
419;1116
420;455
421;1439
422;1445
423;2284
424;2019
425;608
426;679
427;601
428;752
429;898
430;1703
431;713
432;600
433;383
434;416
435;396
436;422
437;343
438;390
439;1597
440;634
441;858
442;1042
443;1109
444;1109
445;1360
446;1234
447;1472
448;1551
449;1003
450;1201
451;1716
452;1531
453;970
454;1162
455;1241
456;1234
457;1346
458;436
459;568
460;528
461;462
462;554
463;515
464;686
465;825
466;647
467;713
468;772
469;653
470;766
471;884
472;872
473;858
474;765
475;1017
476;1003
477;1109
478;950
479;805
480;660
481;1155
482;2356
483;627
484;469
485;488
486;449
487;508
488;766
489;475
490;1710
491;594
492;547
493;1096
494;911
495;2706
496;1650
497;818
498;739
499;2040
500;1122
501;1069
502;1003
503;1069
504;561
505;495
506;509
507;475
508;1208
509;778
510;561
511;766
512;924
513;805
514;2416
515;2653
516;832
517;1009
518;832
519;647
520;739
521;1459
522;1518
523;1108
524;1175
525;1307
526;911
527;950
528;594
529;1630
530;476
531;448
532;548
533;515
534;660
535;884
536;872
537;2065
538;746
539;640
540;627
541;647
542;574
543;726
544;779
545;1789
546;924
547;871
548;1069
549;1287
550;1003
551;726
552;726
553;1459
554;436
555;521
556;495
557;462
558;521
559;680
560;766
561;2125
562;1690
563;587
564;594
565;554
566;839
567;653
568;1538
569;1254
570;884
571;1320
572;1373
573;1069
574;779
575;719
576;1670
577;673
578;449
579;522
580;462
581;448
582;779
583;614
584;1320
585;1129
586;429
587;607
588;620
589;1201
590;1472
591;2330
592;2917
593;997
594;693
595;1109
596;686
597;521
598;627
599;1525
600;502
601;607
602;468
603;449
604;548
605;495
606;449
607;1267
608;713
609;732
610;766
611;680
612;1835
613;1280
614;647
615;765
616;1598
617;732
618;951
619;990
620;1042
621;1149
622;1043
623;937
624;706
625;1419
626;442
627;548
628;488
629;443
630;495
631;468
632;680
633;970
634;2343
635;1056
636;911
637;924
638;739
639;726
640;759
641;786
642;1108
643;2165
644;1432
645;1228
646;2719
647;2330
648;937
649;581
650;475
651;456
652;501
653;1465
654;535
655;455
656;674
657;983
658;2534
659;2654
660;2395
661;1360
662;627
663;488
664;528
665;502
666;1379
667;905
668;844
669;1215
670;765
671;964
672;792
673;713
674;1254
675;561
676;508
677;462
678;528
679;475
680;726
681;1076
682;1393
683;752
684;541
685;1347
686;897
687;640
688;568
689;1195
690;1293
691;871
692;964
693;1056
694;845
695;805
696;766
697;712
698;1518
699;581
700;541
701;561
702;627
703;707
704;699
705;858
706;1076
707;1115
708;614
709;1149
710;884
711;634
712;600
713;766
714;706
715;1775
716;1136
717;1135
718;759
719;2712
720;1994
721;455
722;528
723;521
724;1426
725;488
726;482
727;508
728;509
729;693
730;679
731;700
732;475
733;660
734;680
735;601
736;765
737;792
738;779
739;706
740;667
741;845
742;726
743;792
744;805
745;1175
746;2118
747;436
748;455
749;555
750;442
751;442
752;634
753;574
754;1221
755;1062
756;515
757;2911
758;1208
759;1755
760;2594
761;601
762;719
763;535
764;561
765;871
766;990
767;2092
768;964
769;501
770;561
771;489
772;481
773;495
774;495
775;1584
776;535
777;686
778;2251
779;2534
780;3406
781;5141
782;852
783;937
784;805
785;687
786;1788
787;1003
788;1802
789;924
790;1545
791;3207
792;990
793;1492
794;442
795;449
796;534
797;416
798;449
799;508
800;449
801;766
802;475
803;640
804;673
805;779
806;792
807;680
808;633
809;812
810;766
811;937
812;964
813;838
814;614
815;673
816;567
817;1017
818;2316
819;700
820;561
821;455
822;462
823;555
824;739
825;667
826;1683
827;554
828;554
829;713
830;654
831;719
832;653
833;647
834;1314
835;1023
836;924
837;1042
838;938
839;1016
840;990
841;601
842;442
843;1010
844;950
845;436
846;528
847;501
848;660
849;713
850;627
851;554
852;542
853;481
854;627
855;806
856;871
857;805
858;832
859;884
860;871
861;1017
862;831
863;805
864;792
865;1083
866;2125
867;627
868;614
869;627
870;561
871;831
872;707
873;706
874;2884
875;3901
876;884
877;785
878;674
879;521
880;607
881;574
882;621
883;1142
884;1432
885;1300
886;911
887;1227
888;779
889;581
890;515
891;528
892;548
893;1471
894;575
895;501
896;548
897;832
898;640
899;620
900;522
901;673
902;838
903;726
904;845
905;831
906;845
907;977
908;990
909;1162
910;858
911;792
912;831
913;1063
914;2396
915;1161
916;515
917;548
918;482
919;805
920;647
921;1359
922;2013
923;2634
924;2211
925;864
926;687
927;528
928;567
929;640
930;1611
931;990
932;1069
933;977
934;1016
935;739
936;819
937;831
938;1221
939;476
940;528
941;521
942;475
943;548
944;640
945;1657
946;1003
947;2785
948;1505
949;264
950;337
951;316
952;575
953;1049
954;264
955;310
956;330
957;277
958;337
959;310
960;324
961;1531
962;567
963;535
964;587
965;542
966;462
967;495
968;468
969;957
970;2099
971;647
972;884
973;1149
974;871
975;1524
976;964
977;660
978;680
979;963
980;872
981;2006
982;832
983;739
984;779
985;587
986;462
987;535
988;435
989;1353
990;436
991;369
992;528
993;647
994;680
995;554
996;1604
997;1545
998;957
999;712
1000;588
1001;508
1002;449
1003;534
1004;773
1005;2211
1006;1280
1007;1188
1008;832
1009;448
1010;357
1011;422
1012;403
1013;356
1014;1419
1015;383
1016;495
1017;706
1018;647
1019;660
1020;561
1021;607
1022;673
1023;627
1024;528
1025;575
1026;646
1027;1030
1028;911
1029;1155
1030;693
1031;858
1032;818
1033;1003
1034;1763
1035;415
1036;350
1037;423
1038;389
1039;350
1040;640
1041;601
1042;554
1043;660
1044;515
1045;607
1046;766
1047;653
1048;581
1049;462
1050;871
1051;884
1052;660
1053;1136
1054;897
1055;779
1056;805
1057;898
1058;3920
1059;1861
1060;377
1061;435
1062;350
1063;389
1064;588
1065;607
1066;634
1067;587
1068;502
1069;561
1070;679
1071;634
1072;805
1073;693
1074;680
1075;845
1076;963
1077;977
1078;858
1079;779
1080;792
1081;1340
1082;2376
1083;2376
1084;2455
1085;1775
1086;575
1087;633
1088;680
1089;706
1090;581
1091;1617
1092;574
1093;1729
1094;753
1095;765
1096;2502
1097;1980
1098;1003
1099;1030
1100;976
1101;1030
1102;1267
1103;1472
1104;832
1105;580
1106;555
1107;482
1108;475
1109;548
1110;1471
1111;462
1112;542
1113;607
1114;713
1115;1234
1116;713
1117;1933
1118;885
1119;713
1120;818
1121;858
1122;832
1123;1782
1124;1425
1125;1281
1126;778
1127;740
1128;2164
1129;1617
1130;462
1131;1182
1132;805
1133;462
1134;515
1135;468
1136;667
1137;785
1138;687
1139;765
1140;660
1141;614
1142;660
1143;621
1144;686
1145;845
1146;699
1147;845
1148;977
1149;442
1150;442
1151;443
1152;646
1153;1083
1154;2376
1155;1076
1156;448
1157;502
1158;535
1159;554
1160;911
1161;759
1162;567
1163;522
1164;567
1165;707
1166;666
1167;568
1168;640
1169;647
1170;614
1171;508
1172;699
1173;713
1174;621
1175;752
1176;693
1177;937
1178;2257
1179;680
1180;396
1181;462
1182;568
1183;633
1184;634
1185;726
1186;1558
1187;1504
1188;588
1189;627
1190;620
1191;627
1192;726
1193;1624
1194;686
1195;977
1196;990
1197;997
1198;712
1199;779
1200;739
1201;594
1202;1538
1203;456
1204;448
1205;535
1206;482
1207;640
1208;647
1209;798
1210;4297
1211;3716
1212;2435
1213;2086
1214;1003
1215;858
1216;726
1217;620
1218;608
1219;1755
1220;1010
1221;911
1222;779
1223;699
1224;858
1225;495
1226;1452
1227;370
1228;383
1229;462
1230;376
1231;369
1232;561
1233;938
1234;1260
1235;700
1236;409
1237;838
1238;713
1239;581
1240;468
1241;1479
1242;495
1243;376
1244;568
1245;1016
1246;686
1247;726
1248;660
1249;891
1250;1122
1251;456
1252;468
1253;555
1254;468
1255;449
1256;515
1257;653
1258;3320
1259;1868
1260;620
1261;1518
1262;753
1263;752
1264;568
1265;501
1266;766
1267;1564
1268;680
1269;858
1270;792
1271;752
1272;819
1273;554
1274;475
1275;542
1276;1511
1277;502
1278;528
1279;475
1280;515
1281;640
1282;2000
1283;3293
1284;2125
1285;898
1286;0
1287;0
1288;0
1289;0
1290;0
1291;0
1292;0
1293;699
1294;2502
1295;1425
1296;3063
1297;495
1298;508
1299;409
1300;462
1301;1584
1302;502
1303;581
1304;673
1305;831
1306;1921
1307;2369
1308;1122
1309;931
1310;1175
1311;937
1312;779
1313;1280
1314;1188
1315;640
1316;1056
1317;898
1318;805
1319;1677
1320;1023
1321;475
1322;515
1323;528
1324;462
1325;495
1326;660
1327;1716
1328;739
1329;818
1330;548
1331;515
1332;567
1333;740
1334;864
1335;1677
1336;693
1337;818
1338;607
1339;627
1340;990
1341;924
1342;898
1343;937
1344;1795
1345;726
1346;673
1347;495
1348;476
1349;547
1350;482
1351;456
1352;686
1353;1782
1354;693
1355;772
1356;502
1357;1571
1358;1267
1359;1254
1360;1122
1361;818
1362;898
1363;1293
1364;1624
1365;1320
1366;1888
1367;3201
1368;1920
1369;706
1370;548
1371;508
1372;469
1373;528
1374;482
1375;475
1376;1016
1377;1492
1378;1221
1379;739
1380;634
1381;772
1382;924
1383;858
1384;719
1385;753
1386;1425
1387;1571
1388;1122
1389;1089
1390;990
1391;1135
1392;806
1393;508
1394;581
1395;547
1396;1452
1397;495
1398;575
1399;666
1400;614
1401;640
1402;1109
1403;1670
1404;1736
1405;1927
1406;785
1407;720
1408;792
1409;653
1410;1122
1411;1366
1412;1043
1413;832
1414;1907
1415;964
1416;897
1417;1003
1418;608
1419;1445
1420;607
1421;515
1422;535
1423;541
1424;488
1425;786
1426;600
1427;1149
1428;957
1429;1445
1430;1221
1431;1894
1432;2383
1433;660
1434;640
1435;1208
1436;1326
1437;1017
1438;792
1439;884
1440;482
1441;455
1442;535
1443;469
1444;1504
1445;515
1446;475
1447;542
1448;580
1449;654
1450;805
1451;713
1452;752
1453;1848
1454;911
1455;772
1456;1017
1457;1108
1458;1162
1459;1109
1460;1643
1461;1855
1462;1762
1463;1630
1464;1109
1465;535
1466;561
1467;475
1468;501
1469;561
1470;482
1471;482
1472;1571
1473;752
1474;2554
1475;1617
1476;911
1477;931
1478;937
1479;1848
1480;812
1481;1056
1482;884
1483;885
1484;1003
1485;963
1486;2093
1487;1056
1488;831
1489;588
1490;514
1491;548
1492;561
1493;489
1494;1537
1495;555
1496;653
1497;1927
1498;1122
1499;396
1500;476
1501;396
1502;462
1503;1551
1504;448
1505;548
1506;502
1507;482
1508;660
1509;792
1510;805
1511;1709
1512;522
1513;475
1514;435
1515;515
1516;528
1517;535
1518;587
1519;1604
1520;713
1521;1142
1522;2943
1523;970
1524;634
1525;1082
1526;647
1527;1650
1528;1584
1529;574
1530;502
1531;620
1532;806
1533;910
1534;1670
1535;1063
1536;647
1537;508
1538;468
1539;522
1540;528
1541;488
1542;515
1543;1676
1544;779
1545;937
1546;773
1547;792
1548;871
1549;1887
1550;898
1551;977
1552;858
1553;752
1554;660
1555;647
1556;785
1557;1188
1558;1908
1559;963
1560;806
1561;541
1562;594
1563;515
1564;495
1565;567
1566;1109
1567;957
1568;733
1569;699
1570;1228
1571;1551
1572;2079
1573;1359
1574;924
1575;2871
1576;594
1577;528
1578;693
1579;700
1580;871
1581;825
1582;673
1583;753
1584;673
1585;1360
1586;2415
1587;2317
1588;713
1589;547
1590;581
1591;489
1592;719
1593;845
1594;1689
1595;759
1596;832
1597;1307
1598;713
1599;818
1600;851
1601;1472
1602;660
1603;799
1604;897
1605;568
1606;660
1607;614
1608;1439
1609;765
1610;508
1611;555
1612;501
1613;568
1614;495
1615;502
1616;1194
1617;1465
1618;674
1619;693
1620;521
1621;535
1622;481
1623;482
1624;1366
1625;449
1626;449
1627;383
1628;455
1629;990
1630;779
1631;1841
1632;2944
1633;1168
1634;495
1635;561
1636;508
1637;476
1638;554
1639;475
1640;522
1641;1834
1642;621
1643;1854
1644;674
1645;1445
1646;766
1647;712
1648;627
1649;548
1650;1630
1651;482
1652;475
1653;410
1654;448
1655;502
1656;620
1657;502
1658;1353
1659;647
1660;475
1661;548
1662;475
1663;548
1664;699
1665;1122
1666;1182
1667;653
1668;555
1669;422
1670;700
1671;1122
1672;1603
1673;594
1674;608
1675;759
1676;1491
1677;885
1678;910
1679;964
1680;1439
1681;864
1682;436
1683;416
1684;482
1685;389
1686;528
1687;475
1688;601
1689;1656
1690;535
1691;548
1692;422
1693;720
1694;2501
1695;1544
1696;654
1697;1109
1698;1082
1699;640
1700;819
1701;706
1702;673
1703;587
1704;476
1705;409
1706;1432
1707;422
1708;449
1709;403
1710;501
1711;509
1712;660
1713;1089
1714;1240
1715;502
1716;528
1717;693
1718;647
1719;647
1720;633
1721;739
1722;1954
1723;1683
1724;1069
1725;1307
1726;1531
1727;1505
1728;1122
1729;805
1730;667
1731;614
1732;1669
1733;601
1734;667
1735;646
1736;700
1737;799
1738;561
1739;534
1740;515
1741;541
1742;673
1743;436
1744;620
1745;647
1746;568
1747;528
1748;581
1749;792
1750;706
1751;653
1752;739
1753;1109
1754;1842
1755;574
1756;488
1757;535
1758;508
1759;482
1760;640
1761;713
1762;3155
1763;1544
1764;581
1765;944
1766;904
1767;587
1768;442
1769;495
1770;575
1771;1564
1772;1280
1773;977
1774;805
1775;739
1776;720
1777;416
1778;435
1779;436
1780;1379
1781;475
1782;390
1783;455
1784;403
1785;607
1786;1201
1787;2356
1788;2079
1789;1683
1790;792
1791;594
1792;852
1793;1722
1794;1789
1795;3359
1796;707
1797;481
1798;548
1799;495
1800;786
1801;1432
1802;435
1803;429
1804;403
1805;475
1806;416
1807;488
1808;641
1809;745
1810;693
1811;561
1812;568
1813;581
1814;521
1815;601
1816;548
1817;607
1818;647
1819;594
1820;990
1821;924
1822;884
1823;898
1824;805
1825;1168
1826;2336
1827;713
1828;482
1829;535
1830;475
1831;607
1832;700
1833;1379
1834;931
1835;633
1836;2865
1837;838
1838;792
1839;548
1840;633
1841;1485
1842;574
1843;535
1844;726
1845;620
1846;528
1847;489
1848;501
1849;1202
1850;726
1851;442
1852;389
1853;469
1854;422
1855;621
1856;574
1857;1557
1858;766
1859;469
1860;462
1861;409
1862;548
1863;594
1864;574
1865;581
1866;1524
1867;607
1868;990
1869;1782
1870;1122
1871;1221
1872;1994
1873;1161
1874;739
1875;1380
1876;521
1877;469
1878;534
1879;548
1880;581
1881;2270
1882;1710
1883;508
1884;2594
1885;779
1886;1188
1887;633
1888;343
1889;337
1890;337
1891;310
1892;363
1893;1181
1894;489
1895;336
1896;390
1897;455
1898;389
1899;456
1900;389
1901;1386
1902;436
1903;383
1904;422
1905;416
1906;383
1907;455
1908;389
1909;390
1910;455
1911;390
1912;356
1913;350
1914;303
1915;383
1916;317
1917;389
1918;462
1919;396
1920;390
1921;1082
1922;1683
1923;396
1924;442
1925;383
1926;416
1927;422
1928;383
1929;396
1930;1406
1931;389
1932;429
1933;416
1934;409
1935;449
1936;403
1937;442
1938;396
1939;891
1940;1036
1941;805
1942;720
1943;805
1944;469
1945;429
1946;415
1947;390
1948;455
1949;1360
1950;396
1951;541
1952;495
1953;475
1954;442
1955;383
1956;436
1957;396
1958;1340
1959;429
1960;316
1961;324
1962;383
1963;310
1964;699
1965;647
1966;370
1967;957
1968;726
1969;435
1970;410
1971;382
1972;456
1973;389
1974;396
1975;442
1976;469
1977;1122
1978;1525
1979;528
1980;561
1981;508
1982;501
1983;370
1984;317
1985;792
1986;878
1987;402
1988;594
1989;614
1990;568
1991;547
1992;330
1993;350
1994;1149
1995;528
1996;462
1997;396
1998;448
1999;502
2000;488
2001;528
2002;660
2003;1202
2004;402
2005;423
2006;363
2007;323
2008;389
2009;324
2010;330
2011;1043
2012;818
2013;838
2014;574
2015;495
2016;377
2017;316
2018;383
2019;317
2020;343
2021;1399
2022;396
2023;462
2024;476
2025;508
2026;429
2027;422
2028;568
2029;1221
2030;904
2031;436
2032;488
2033;469
2034;316
2035;383
2036;310
2037;363
2038;330
2039;1307
2040;726
2041;621
2042;382
2043;311
2044;356
2045;350
2046;317
2047;369
2048;1122
2049;667
2050;343
2051;396
2052;455
2053;396
2054;403
2055;310
2056;376
2057;317
2058;1320
2059;403
2060;653
2061;634
2062;699
2063;700
2064;337
2065;363
2066;330
2067;330
2068;1300
2069;383
2070;455
2071;389
2072;535
2073;429
2074;409
2075;449
2076;1597
2077;1155
2078;423
2079;435
2080;475
2081;522
2082;581
2083;514
2084;1624
2085;779
2086;831
2087;726
2088;390
2089;455
2090;396
2091;456
2092;402
2093;1426
2094;409
2095;416
2096;541
2097;442
2098;456
2099;389
2100;436
2101;561
2102;1300
2103;475
2104;502
2105;567
2106;515
2107;574
2108;416
2109;825
2110;1049
2111;667
2112;488
2113;396
2114;456
2115;0
2116;396
2117;435
2118;410
2119;389
2120;1406
2121;482
2122;541
2123;429
2124;435
2125;456
2126;501
2127;1037
2128;963
2129;594
2130;601
2131;660
2132;620
2133;647
2134;726
2135;950
2136;806
2137;1749
2138;646
2139;403
2140;389
2141;456
2142;396
2143;449
2144;508
2145;554
2146;1465
2147;601
2148;640
2149;469
2150;521
2151;555
2152;561
2153;481
2154;462
2155;654
2156;983
2157;423
2158;481
2159;720
2160;495
2161;363
2162;317
2163;356
2164;330
2165;422
2166;1301
2167;396
2168;448
2169;482
2170;469
2171;409
2172;475
2173;403
2174;429
2175;1043
2176;627
2177;376
2178;323
2179;383
2180;416
2181;587
2182;508
2183;542
2184;508
2185;1109
2186;719
2187;356
2188;344
2189;356
2190;337
2191;415
2192;542
2193;501
2194;409
2195;812
2196;1010
2197;1551
2198;1749
2199;469
2200;501
2201;456
2202;514
2203;456
2204;515
2205;963
2206;1617
2207;739
2208;746
2209;502
2210;462
2211;389
2212;456
2213;396
2214;448
2215;528
2216;2277
2217;1373
2218;561
2219;502
2220;561
2221;501
2222;555
2223;1109
2224;957
2225;534
2226;607
2227;555
2228;581
2229;858
2230;871
2231;1095
2232;1274
2233;607
2234;548
2235;594
2236;535
2237;594
2238;561
2239;699
2240;1551
2241;561
2242;621
2243;548
2244;2435
2245;1472
2246;541
2247;363
2248;403
2249;462
2250;851
2251;1214
2252;608
2253;772
2254;620
2255;673
2256;601
2257;521
2258;1479
2259;541
2260;528
2261;634
2262;719
2263;607
2264;640
2265;1499
2266;666
2267;634
2268;455
2269;502
2270;515
2271;468
2272;660
2273;1538
2274;561
2275;858
2276;535
2277;646
2278;608
2279;706
2280;614
2281;1485
2282;468
2283;416
2284;508
2285;423
2286;455
2287;620
2288;561
2289;839
2290;1155
2291;442
2292;350
2293;363
2294;514
2295;383
2296;1294
2297;2495
2298;1894
2299;429
2300;389
2301;594
2302;495
2303;1518
2304;522
2305;310
2306;350
2307;343
2308;310
2309;376
2310;687
2311;963
2312;541
2313;1690
2314;2145
2315;983
2316;1294
2317;502
2318;508
2319;1029
2320;528
2321;436
2322;436
2323;1557
2324;574
2325;786
2326;726
2327;647
2328;673
2329;455
2330;416
2331;937
2332;951
2333;455
2334;462
2335;627
2336;647
2337;759
2338;818
2339;786
2340;1570
2341;746
2342;660
2343;548
2344;1934
2345;1465
2346;634
2347;712
2348;1485
2349;1056
2350;806
2351;924
2352;666
2353;403
2354;468
2355;429
2356;416
2357;594
2358;1267
2359;568
2360;634
2361;673
2362;693
2363;587
2364;1254
2365;1901
2366;1650
2367;1478
2368;1558
2369;2422
2370;3604
2371;3603
2372;3663
2373;2878
2374;3788
2375;3076
2376;1115
2377;403
2378;792
2379;1802
2380;2316
2381;2640
2382;2970
2383;3089
2384;4277
2385;3247
2386;3327
2387;4045
2388;3921
2389;4613
2390;5003
2391;5379
2392;2495
2393;1894
2394;858
2395;2284
2396;1478
2397;1452
2398;1940
2399;1842
2400;1973
2401;2284
2402;2184
2403;2588
2404;2904
2405;2237
2406;2204
2407;2502
2408;2488
2409;2435
2410;3089
2411;1987
2412;2343
2413;2270
2414;3564
2415;3426
2416;2527
2417;2403
2418;2475
2419;2072
2420;2238
2421;4362
2422;2667
2423;2587
2424;2594
2425;2712
2426;852
2427;501
2428;462
2429;482
2430;1089
2431;1967
2432;1967
2433;1953
2434;2990
2435;3089
2436;3346
2437;3544
2438;3604
2439;3742
2440;2112
2441;1452
2442;1848
2443;1617
2444;1511
2445;1862
2446;1801
2447;1822
2448;2072
2449;1017
2450;462
2451;1175
2452;1432
2453;1663
2454;1815
2455;1690
2456;1663
2457;1518
2458;5359
2459;5359
2460;726
2461;370
2462;468
2463;370
2464;422
2465;839
2466;983
2467;634
2468;1570
2469;2218
2470;607
2471;548
2472;568
2473;376
2474;442
2475;845
2476;950
2477;416
2478;363
2479;627
2480;554
2481;964
2482;3293
2483;1644
2484;1036
2485;726
2486;785
2487;674
2488;805
2489;647
2490;1610
2491;693
2492;640
2493;819
2494;818
2495;871
2496;588
2497;554
2498;970
2499;812
2500;449
2501;383
2502;448
2503;581
2504;423
2505;1999
2506;4462
2507;2033
2508;409
2509;449
2510;501
2511;429
2512;410
2513;389
2514;1300
2515;462
2516;1109
2517;3604
2518;1676
2519;515
2520;429
2521;455
2522;390
2523;1234
2524;574
2525;429
2526;541
2527;706
2528;707
2529;640
2530;699
2531;429
2532;1406
2533;508
2534;654
2535;442
2536;495
2537;475
2538;462
2539;495
2540;937
2541;964
2542;436
2543;646
2544;456
2545;435
2546;429
2547;396
2548;443
2549;382
2550;1419
2551;495
2552;469
2553;581
2554;607
2555;719
2556;1743
2557;1848
2558;1782
2559;515
2560;957
2561;613
2562;621
2563;673
2564;653
2565;845
2566;792
2567;990
2568;1274
2569;455
2570;390
2571;455
2572;390
2573;429
2574;422
2575;554
2576;581
2577;1611
2578;673
2579;574
2580;647
2581;686
2582;654
2583;613
2584;951
2585;1274
2586;455
2587;436
2588;448
2589;759
2590;641
2591;673
2592;620
2593;449
2594;1320
2595;422
2596;429
2597;410
2598;396
2599;528
2600;508
2601;600
2602;522
2603;1386
2604;416
2605;455
2606;488
2607;443
2608;442
2609;455
2610;819
2611;1227
2612;1848
2613;852
2614;653
2615;772
2616;482
2617;310
2618;337
2619;330
2620;317
2621;660
2622;957
2623;310
2624;475
2625;462
2626;462
2627;2937
2628;4343
2629;4184
2630;1835
2631;719
2632;680
2633;766
2634;1914
2635;1841
2636;2053
2637;673
2638;924
2639;805
2640;581
2641;396
2642;323
2643;1030
2644;601
2645;310
2646;317
2647;323
2648;469
2649;1933
2650;1393
2651;1412
2652;403
2653;455
2654;1578
2655;719
2656;1439
2657;917
2658;542
2659;468
2660;548
2661;759
2662;950
2663;1848
2664;515
2665;330
2666;330
2667;330
2668;337
2669;323
2670;574
2671;1149
2672;858
2673;897
2674;2159
2675;1597
2676;409
2677;323
2678;502
2679;898
2680;884
2681;323
2682;317
2683;324
2684;356
2685;799
2686;422
2687;607
2688;1320
2689;324
2690;316
2691;330
2692;330
2693;469
2694;436
2695;488
2696;1419
2697;891
2698;1155
2699;1841
2700;330
2701;429
2702;515
2703;528
2704;475
2705;1314
2706;581
2707;594
2708;745
2709;898
2710;977
2711;765
2712;1406
2713;324
2714;316
2715;324
2716;317
2717;316
2718;317
2719;423
2720;1775
2721;680
2722;548
2723;2059
2724;1722
2725;1254
2726;1129
2727;389
2728;555
2729;369
2730;1241
2731;1551
2732;2865
2733;970
2734;1175
2735;2455
2736;1432
2737;1043
2738;422
2739;416
2740;409
2741;390
2742;1379
2743;403
2744;435
2745;370
2746;449
2747;448
2748;2271
2749;1967
2750;930
2751;469
2752;389
2753;343
2754;396
2755;462
2756;687
2757;1901
2758;1201
2759;772
2760;937
2761;594
2762;350
2763;356
2764;344
2765;336
2766;1201
2767;515
2768;350
2769;330
2770;337
2771;653
2772;1987
2773;2937
2774;1577
2775;950
2776;588
2777;541
2778;581
2779;640
2780;858
2781;759
2782;752
2783;713
2784;1446
2785;336
2786;337
2787;356
2788;343
2789;330
2790;330
2791;337
2792;409
2793;469
2794;1571
2795;488
2796;482
2797;449
2798;330
2799;336
2800;343
2801;344
2802;343
2803;1247
2804;832
2805;647
2806;759
2807;831
2808;739
2809;542
2810;323
2811;343
2812;337
2813;607
2814;1023
2815;330
2816;370
2817;627
2818;1023
2819;514
2820;548
2821;825
2822;1373
2823;554
2824;687
2825;686
2826;621
2827;554
2828;515
2829;541
2830;1782
2831;845
2832;911
2833;567
2834;449
2835;350
2836;343
2837;337
2838;336
2839;350
2840;1419
2841;548
2842;3518
2843;759
2844;442
2845;587
2846;700
2847;1663
2848;620
2849;614
2850;541
2851;528
2852;509
2853;891
2854;1762
2855;1478
2856;1122
2857;911
2858;845
2859;369
2860;350
2861;337
2862;330
2863;1313
2864;436
2865;455
2866;2508
2867;1670
2868;805
2869;462
2870;805
2871;1268
2872;567
2873;568
2874;515
2875;574
2876;950
2877;977
2878;1525
2879;640
2880;680
2881;528
2882;349
2883;377
2884;349
2885;357
2886;528
2887;1168
2888;343
2889;409
2890;522
2891;548
2892;376
2893;1293
2894;350
2895;337
2896;363
2897;462
2898;620
2899;885
2900;1656
2901;1294
2902;600
2903;733
2904;607
2905;357
2906;363
2907;369
2908;383
2909;482
2910;1234
2911;568
2912;534
2913;858
2914;2601
2915;666
2916;363
2917;528
2918;1617
2919;568
2920;508
2921;660
2922;713
2923;706
2924;693
2925;752
2926;1017
2927;1769
2928;627
2929;396
2930;349
2931;350
2932;376
2933;350
2934;343
2935;482
2936;416
2937;1419
2938;449
2939;759
2940;1214
2941;779
2942;772
2943;588
2944;554
2945;1426
2946;600
2947;541
2948;1400
2949;1016
2950;779
2951;726
2952;746
2953;613
2954;667
2955;1122
2956;363
2957;343
2958;350
2959;416
2960;455
2961;607
2962;528
2963;832
2964;1162
2965;501
2966;383
2967;554
2968;667
2969;2515
2970;2395
2971;436
2972;350
2973;343
2974;746
2975;660
2976;521
2977;1347
2978;356
2979;343
2980;343
2981;324
2982;409
2983;429
2984;1261
2985;2587
2986;2495
2987;1108
2988;924
2989;2238
2990;713
2991;719
2992;686
2993;588
2994;772
2995;792
2996;924
2997;1967
2998;884
2999;924
3000;673
3001;377
3002;369
3003;390
3004;389
3005;442
3006;1228
3007;508
3008;640
3009;753
3010;653
3011;634
3012;528
3013;686
3014;1399
3015;343
3016;337
3017;343
3018;330
3019;475
3020;462
3021;608
3022;646
3023;1716
3024;350
3025;297
3026;522
3027;554
3028;508
3029;442
3030;476
3031;679
3032;674
3033;1643
3034;620
3035;535
3036;812
3037;1643
3038;1017
3039;580
3040;535
3041;2686
3042;2145
3043;621
3044;712
3045;1017
3046;739
3047;614
3048;468
3049;337
3050;337
3051;1267
3052;310
3053;323
3054;330
3055;502
3056;416
3057;732
3058;759
3059;990
3060;1637
3061;1175
3062;3551
3063;4013
3064;2475
3065;1716
3066;1683
3067;1471
3068;1466
3069;1273
3070;1974
3071;1571
3072;1320
3073;1240
3074;1287
3075;1314
3076;1016
3077;1116
3078;1221
3079;1273
3080;1624
3081;1294
3082;2633
3083;2732
3084;1987
3085;924
3086;488
3087;674
3088;792
3089;792
3090;1755
3091;1287
3092;1010
3093;1069
3094;819
3095;752
3096;614
3097;871
3098;2006
3099;924
3100;1169
3101;1155
3102;1155
3103;1148
3104;1162
3105;825
3106;2224
3107;2125
3108;1122
3109;1670
3110;924
3111;1531
3112;1775
3113;1446
3114;1043
3115;1933
3116;845
3117;779
3118;2627
3119;2785
3120;805
3121;918
3122;646
3123;1076
3124;310
3125;284
3126;284
3127;416
3128;323
3129;310
3130;1908
3131;825
3132;508
3133;521
3134;594
3135;370
3136;310
3137;304
3138;1346
3139;469
3140;554
3141;647
3142;832
3143;719
3144;640
3145;462
3146;1314
3147;363
3148;349
3149;337
3150;356
3151;357
3152;475
3153;1610
3154;1532
3155;957
3156;660
3157;719
3158;1478
3159;693
3160;1565
3161;640
3162;600
3163;621
3164;792
3165;765
3166;845
3167;845
3168;607
3169;1366
3170;377
3171;389
3172;383
3173;356
3174;390
3175;448
3176;489
3177;554
3178;2205
3179;2435
3180;752
3181;456
3182;422
3183;561
3184;548
3185;1445
3186;535
3187;554
3188;555
3189;488
3190;522
3191;633
3192;944
3193;970
3194;317
3195;343
3196;343
3197;324
3198;317
3199;343
3200;396
3201;1498
3202;2059
3203;1842
3204;1973
3205;726
3206;495
3207;667
3208;1194
3209;977
3210;686
3211;601
3212;667
3213;772
3214;719
3215;792
3216;654
3217;1504
3218;462
3219;456
3220;435
3221;429
3222;423
3223;449
3224;528
3225;1933
3226;911
3227;495
3228;409
3229;542
3230;481
3231;410
3232;1353
3233;415
3234;377
3235;402
3236;495
3237;601
3238;739
3239;1115
3240;1182
3241;376
3242;310
3243;350
3244;363
3245;317
3246;330
3247;739
3248;1683
3249;667
3250;402
3251;396
3252;403
3253;482
3254;481
3255;2152
3256;2858
3257;501
3258;522
3259;732
3260;641
3261;752
3262;574
3263;687
3264;468
3265;753
3266;930
3267;363
3268;350
3269;363
3270;376
3271;449
3272;416
3273;548
3274;1986
3275;1670
3276;343
3277;376
3278;515
3279;568
3280;475
3281;1452
3282;422
3283;535
3284;521
3285;515
3286;858
3287;726
3288;1723
3289;706
3290;389
3291;350
3292;363
3293;363
3294;343
3295;330
3296;971
3297;884
3298;521
3299;469
3300;568
3301;594
3302;600
3303;1254
3304;865
3305;1280
3306;535
3307;521
3308;786
3309;1597
3310;779
3311;567
3312;508
3313;357
3314;356
3315;357
3316;343
3317;1307
3318;323
3319;449
3320;554
3321;3921
3322;1947
3323;528
3324;349
3325;891
3326;1103
3327;1458
3328;607
3329;502
3330;574
3331;667
3332;607
3333;746
3334;1498
3335;634
3336;369
3337;343
3338;330
3339;337
3340;343
3341;337
3342;383
3343;1287
3344;435
3345;522
3346;402
3347;304
3348;534
3349;746
3350;1195
3351;1003
3352;482
3353;468
3354;502
3355;653
3356;773
3357;1003
3358;528
3359;1511
3360;706
3361;509
3362;316
3363;330
3364;324
3365;330
3366;317
3367;310
3368;1300
3369;601
3370;2811
3371;3511
3372;726
3373;423
3374;330
3375;462
3376;1406
3377;508
3378;627
3379;561
3380;336
3381;575
3382;613
3383;608
3384;567
3385;852
3386;897
3387;343
3388;344
3389;323
3390;330
3391;337
3392;475
3393;501
3394;799
3395;944
3396;528
3397;726
3398;501
3399;561
3400;509
3401;580
3402;489
3403;475
3404;1492
3405;831
3406;634
3407;660
3408;515
3409;455
3410;442
3411;456
3412;475
3413;752
3414;1102
3415;522
3416;515
3417;580
3418;515
3419;429
3420;429
3421;350
3422;1327
3423;455
3424;383
3425;812
3426;699
3427;522
3428;574
3429;719
3430;640
3431;588
3432;1445
3433;337
3434;310
3435;343
3436;337
3437;303
3438;390
3439;501
3440;456
3441;1069
3442;1201
3443;528
3444;456
3445;613
3446;621
3447;686
3448;1809
3449;4356
3450;1788
3451;383
3452;587
3453;304
3454;416
3455;1016
3456;1637
3457;1148
3458;271
3459;244
3460;258
3461;270
3462;271
3463;416
3464;646
3465;1848
3466;542
3467;283
3468;245
3469;270
3470;271
3471;257
3472;244
3473;1241
3474;271
3475;244
3476;251
3477;264
3478;270
3479;231
3480;264
3481;271
3482;1181
3483;278
3484;264
3485;264
3486;257
3487;238
3488;264
3489;264
3490;257
3491;238
3492;1234
3493;270
3494;258
3495;257
3496;271
3497;244
3498;264
3499;264
3500;271
3501;244
3502;1214
3503;264
3504;264
3505;244
3506;258
3507;270
3508;258
3509;237
3510;264
3511;271
3512;1201
3513;244
3514;264
3515;271
3516;244
3517;258
3518;270
3519;271
3520;244
3521;264
3522;416
3523;1062
3524;251
3525;271
3526;270
3527;245
3528;257
3529;25151.058
3530;264
3531;238
3532;270
3533;733
3534;673
3535;258
3536;25144.08
3537;264
3538;244
3539;278
3540;264
3541;244
3542;264
3543;277
3544;1214
3545;258
3546;270
3547;264
3548;245
3549;277
3550;264
3551;244
3552;271
3553;270
3554;244
3555;1228
3556;271
3557;237
3558;271
3559;277
3560;238
3561;264
3562;277
3563;237
3564;264
3565;278
3566;1181
3567;271
3568;277
3569;251
3570;264
3571;270
3572;251
3573;264
3574;277
3575;244
3576;271
3577;587
3578;819
3579;270
3580;284
3581;238
3582;277
3583;271
3584;244
3585;277
3586;271
3587;244
3588;924
3589;574
3590;251
3591;277
3592;271
3593;244
3594;284
3595;277
3596;237
3597;284
3598;271
3599;251
3600;1174
3601;258
3602;251
3603;283
3604;258
3605;270
3606;271
3607;244
3608;284
3609;264
3610;257
3611;1235
3612;257
3613;264
3614;277
3615;251
3616;264
3617;284
3618;251
3619;283
3620;264
3621;258
3622;429
3623;1049
3624;277
3625;258
3626;270
3627;278
3628;244
3629;290
3630;264
3631;258
3632;283
3633;251
3634;825
3635;667
3636;244
3637;277
3638;277
3639;251
3640;284
3641;257
3642;271
3643;310
3644;238
3645;284
3646;1168
3647;303
3648;291
3649;244
3650;277
3651;277
3652;251
3653;284
3654;264
3655;257
3656;284
3657;258
3658;1227
3659;277
3660;245
3661;283
3662;271
3663;257
3664;291
3665;251
3666;283
3667;271
3668;264
3669;290
3670;1202
3671;277
3672;277
3673;251
3674;290
3675;264
3676;264
3677;284
3678;244
3679;284
3680;271
3681;356
3682;1148
3683;258
3684;277
3685;277
3686;258
3687;290
3688;251
3689;277
3690;284
3691;251
3692;290
3693;337
3694;1155
3695;270
3696;264
3697;284
3698;251
3699;290
3700;264
3701;277
3702;278
3703;250
3704;284
3705;607
3706;891
3707;357
3708;330
3709;369
3710;337
3711;350
3712;356
3713;337
3714;369
3715;330
3716;462
3717;1525
3718;805
3719;574
3720;383
3721;337
3722;343
3723;290
3724;317
3725;317
3726;297
3727;337
3728;660
3729;1326
3730;1789
3731;614
3732;1729
3733;607
3734;581
3735;508
3736;574
3737;581
3738;581
3739;1498
3740;462
3741;548
3742;706
3743;726
3744;568
3745;290
3746;330
3747;1280
3748;291
3749;323
3750;363
3751;396
3752;495
3753;627
3754;654
3755;1544
3756;475
3757;660
3758;753
3759;943
3760;740
3761;541
3762;567
3763;575
3764;1498
3765;680
3766;871
3767;699
3768;443
3769;316
3770;297
3771;324
3772;290
3773;324
3774;1254
3775;389
3776;403
3777;534
3778;1888
3779;501
3780;1822
3781;950
3782;344
3783;429
3784;2607
3785;508
3786;330
3787;317
3788;1273
3789;317
3790;317
3791;297
3792;310
3793;310
3794;297
3795;324
3796;468
3797;1089
3798;324
3799;270
3800;311
3801;303
3802;291
3803;303
3804;277
3805;324
3806;1102
3807;422
3808;324
3809;277
3810;317
3811;297
3812;303
3813;297
3814;278
3815;323
3816;799
3817;726
3818;316
3819;271
3820;330
3821;277
3822;304
3823;310
3824;277
3825;330
3826;271
3827;1241
3828;297
3829;290
3830;310
3831;297
3832;469
3833;383
3834;481
3835;443
3836;567
3837;713
3838;1558
3839;884
3840;449
3841;363
3842;330
3843;369
3844;350
3845;343
3846;337
3847;469
3848;521
3849;1584
3850;647
3851;574
3852;647
3853;911
3854;805
3855;581
3856;594
3857;613
3858;1472
3859;845
3860;693
3861;686
3862;792
3863;746
3864;772
3865;885
3866;660
3867;660
3868;1577
3869;640
3870;799
3871;733
3872;1518
3873;1036
3874;607
3875;1313
3876;2436
3877;1082
3878;2000
3879;1888
3880;475
3881;369
3882;370
3883;1307
3884;343
3885;356
3886;317
3887;317
3888;350
3889;297
3890;330
3891;567
3892;1017
3893;330
3894;297
3895;323
3896;317
3897;304
3898;310
3899;317
3900;310
3901;1247
3902;310
3903;297
3904;330
3905;284
3906;337
3907;297
3908;323
3909;304
3910;310
3911;1254
3912;297
3913;323
3914;297
3915;311
3916;303
3917;310
3918;304
3919;290
3920;324
3921;521
3922;1030
3923;284
3924;336
3925;277
3926;337
3927;284
3928;323
3929;304
3930;323
3931;324
3932;290
3933;1280
3934;284
3935;317
3936;304
3937;297
3938;330
3939;283
3940;337
3941;290
3942;311
3943;310
3944;1227
3945;337
3946;290
3947;330
3948;291
3949;317
3950;330
3951;297
3952;303
3953;317
3954;290
3955;337
3956;1274
3957;290
3958;337
3959;303
3960;304
3961;323
3962;291
3963;330
3964;303
3965;304
3966;317
3967;290
3968;1281
3969;290
3970;317
3971;310
3972;297
3973;323
3974;304
3975;323
3976;317
3977;304
3978;336
3979;311
3980;1254
3981;330
3982;297
3983;323
3984;310
3985;310
3986;324
3987;297
3988;330
3989;303
3990;311
3991;330
3992;653
3993;911
3994;317
3995;290
3996;350
3997;297
3998;317
3999;336
4000;291
4001;336
4002;317
4003;304
4004;336
4005;1241
4006;317
4007;310
4008;403
4009;369
4010;310
4011;324
4012;323
4013;304
4014;310
4015;317
4016;1280
4017;588
4018;1445
4019;1874
4020;429
4021;601
4022;508
4023;548
4024;554
4025;1829
4026;858
4027;772
4028;845
4029;871
4030;858
4031;911
4032;858
4033;1821
4034;469
4035;468
4036;476
4037;488
4038;462
4039;660
4040;515
4041;627
4042;1722
4043;476
4044;508
4045;2191
4046;1003
4047;871
4048;885
4049;845
4050;950
4051;1782
4052;680
4053;1280
4054;753
4055;805
4056;495
4057;68207.4
4058;363
4059;344
4060;356
4061;1300
4062;376
4063;383
4064;68294.4
4065;574
4066;508
4067;1426
4068;2145
4069;501
4070;647
4071;1399
4072;429
4073;535
4074;495
4075;574
4076;614
4077;660
4078;653
4079;733
4080;746
4081;47372.24
4082;891
4083;356
4084;370
4085;343
4086;337
4087;501
4088;46772.24
4089;416
4090;1076
4091;600
4092;502
4093;568
4094;448
4095;344
4096;363
4097;382
4098;489
4099;416
4100;1128
4101;733
4102;594
4103;548
4104;336
4105;36563.48
4106;337
4107;356
4108;376
4109;324
4110;363
4111;1465
4112;36563.48
4113;528
4114;1075
4115;819
4116;1379
4117;601
4118;455
4119;469
4120;442
4121;1868
4122;508
4123;561
4124;376
4125;370
4126;343
4127;370
4128;369
4129;15180.32
4130;1505
4131;515
4132;363
4133;363
4134;409
4135;389
4136;15081.32
4137;607
4138;423
4139;811
4140;971
4141;1009
4142;905
4143;435
4144;601
4145;673
4146;680
4147;1518
4148;369
4149;363
4150;330
4151;350
4152;436
4153;449
4154;343
4155;369
4156;350
4157;1267
4158;357
4159;363
4160;336
4161;502
4162;389
4163;495
4164;608
4165;448
4166;1413
4167;587
4168;376
4169;456
4170;396
4171;396
4172;488
4173;535
4174;561
4175;713
4176;660
4177;1570
4178;469
4179;343
4180;383
4181;363
4182;416
4183;402
4184;429
4185;1479
4186;2719
4187;343
4188;436
4189;1373
4190;501
4191;588
4192;495
4193;369
4194;403
4195;495
4196;462
4197;1571
4198;858
4199;732
4200;495
4201;330
4202;403
4203;350
4204;396
4205;343
4206;363
4207;1359
4208;396
4209;660
4210;436
4211;541
4212;1281
4213;1148
4214;673
4215;667
4216;1604
4217;666
4218;720
4219;726
4220;759
4221;884
4222;858
4223;733
4224;528
4225;673
4226;1274
4227;323
4228;343
4229;376
4230;330
4231;370
4232;403
4233;488
4234;1082
4235;575
4236;343
4237;521
4238;667
4239;462
4240;468
4241;436
4242;508
4243;640
4244;2568
4245;904
4246;680
4247;607
4248;515
4249;468
4250;416
4251;324
4252;356
4253;383
4254;310
4255;1399
4256;370
4257;462
4258;2726
4259;1485
4260;455
4261;436
4262;382
4263;1624
4264;1023
4265;884
4266;1327
4267;818
4268;621
4269;897
4270;957
4271;799
4272;1584
4273;1452
4274;1624
4275;343
4276;363
4277;317
4278;541
4279;554
4280;495
4281;482
4282;799
4283;1247
4284;541
4285;759
4286;1584
4287;330
4288;337
4289;290
4290;324
4291;336
4292;291
4293;1280
4294;317
4295;310
4296;330
4297;277
4298;317
4299;330
4300;1148
4301;416
4302;304
4303;297
4304;310
4305;290
4306;337
4307;323
4308;1208
4309;324
4310;303
4311;304
4312;323
4313;350
4314;290
4315;304
4316;1188
4317;363
4318;330
4319;330
4320;396
4321;442
4322;350
4323;297
4324;337
4325;330
4326;1254
4327;330
4328;330
4329;363
4330;316
4331;396
4332;357
4333;383
4334;976
4335;700
4336;337
4337;336
4338;324
4339;475
4340;508
4341;759
4342;554
4343;1578
4344;627
4345;369
4346;416
4347;436
4348;402
4349;337
4350;370
4351;402
4352;634
4353;1241
4354;429
4355;435
4356;436
4357;693
4358;541
4359;1868
4360;1874
4361;1980
4362;522
4363;422
4364;475
4365;436
4366;422
4367;779
4368;878
4369;1062
4370;410
4371;382
4372;449
4373;423
4374;415
4375;377
4376;574
4377;1445
4378;376
4379;456
4380;567
4381;1202
4382;831
4383;469
4384;607
4385;449
4386;1214
4387;733
4388;501
4389;449
4390;409
4391;436
4392;462
4393;18532.24
4394;363
4395;376
4396;1281
4397;356
4398;376
4399;436
4400;18677.24
4401;1241
4402;1069
4403;2086
4404;449
4405;1049
4406;403
4407;798
4408;1426
4409;1115
4410;2871
4411;581
4412;1023
4413;1043
4414;601
4415;739
4416;660
4417;376
4418;330
4419;363
4420;363
4421;317
4422;1366
4423;759
4424;1333
4425;647
4426;337
4427;376
4428;336
4429;377
4430;389
4431;343
4432;370
4433;1287
4434;402
4435;396
4436;469
4437;620
4438;660
4439;608
4440;726
4441;640
4442;521
4443;1142
4444;330
4445;356
4446;330
4447;357
4448;389
4449;343
4450;330
4451;1261
4452;350
4453;343
4454;429
4455;462
4456;436
4457;316
4458;456
4459;468
4460;489
4461;1406
4462;501
4463;429
4464;317
4465;363
4466;317
4467;363
4468;317
4469;356
4470;436
4471;409
4472;1227
4473;330
4474;363
4475;324
4476;376
4477;317
4478;363
4479;363
4480;482
4481;1062
4482;1663
4483;509
4484;468
4485;462
4486;528
4487;621
4488;587
4489;297
4490;1294
4491;303
4492;324
4493;303
4494;310
4495;324
4496;350
4497;356
4498;343
4499;1234
4500;495
4501;469
4502;442
4503;475
4504;495
4505;436
4506;403
4507;607
4508;1095
4509;462
4510;515
4511;429
4512;324
4513;363
4514;349
4515;344
4516;363
4517;534
4518;1096
4519;416
4520;402
4521;588
4522;389
4523;363
4524;416
4525;468
4526;561
4527;1307
4528;449
4529;488
4530;568
4531;462
4532;403
4533;396
4534;376
4535;376
4536;686
4537;103918.24
4538;350
4539;363
4540;383
4541;336
4542;363
4543;581
4544;103350.24
4545;416
4546;1300
4547;343
4548;370
4549;396
4550;699
4551;423
4552;515
4553;495
4554;673
4555;462
4556;1366
4557;1544
4558;1736
4559;541
4560;423
4561;20740.52
4562;363
4563;330
4564;370
4565;383
4566;547
4567;1367
4568;20879.52
4569;396
4570;363
4571;369
4572;337
4573;455
4574;1406
4575;356
4576;456
4577;389
4578;370
4579;336
4580;383
4581;390
4582;343
4583;343
4584;1300
4585;409
4586;344
4587;382
4588;383
4589;343
4590;363
4591;429
4592;436
4593;429
4594;1294
4595;356
4596;416
4597;429
4598;383
4599;363
4600;363
4601;462
4602;475
4603;706
4604;1175
4605;732
4606;674
4607;752
4608;396
4609;363
4610;389
4611;377
4612;343
4613;356
4614;1307
4615;350
4616;409
4617;376
4618;423
4619;382
4620;575
4621;567
4622;660
4623;1538
4624;502
4625;528
4626;508
4627;534
4628;522
4629;521
4630;515
4631;502
4632;508
4633;515
4634;1471
4635;509
4636;514
4637;509
4638;508
4639;515
4640;521
4641;502
4642;501
4643;502
4644;521
4645;528
4646;1432
4647;515
4648;535
4649;534
4650;535
4651;482
4652;515
4653;521
4654;515
4655;495
4656;515
4657;759
4658;1240
4659;522
4660;515
4661;501
4662;508
4663;522
4664;521
4665;515
4666;515
4667;508
4668;515
4669;554
4670;1446
4671;528
4672;501
4673;508
4674;528
4675;522
4676;528
4677;488
4678;515
4679;528
4680;383
4681;310
4682;1267
4683;350
4684;356
4685;324
4686;303
4687;324
4688;376
4689;403
4690;468
4691;350
4692;383
4693;752
4694;1287
4695;614
4696;561
4697;396
4698;376
4699;350
4700;429
4701;488
4702;509
4703;561
4704;574
4705;1155
4706;488
4707;370
4708;363
4709;356
4710;350
4711;376
4712;423
4713;343
4714;330
4715;350
4716;389
4717;2257
4718;634
4719;607
4720;521
4721;581
4722;423
4723;330
4724;429
4725;514
4726;476
4727;1445
4728;343
4729;330
4730;350
4731;363
4732;370
4733;330
4734;475
4735;488
4736;475
4737;357
4738;1300
4739;356
4740;330
4741;383
4742;363
4743;357
4744;336
4745;343
4746;337
4747;356
4748;720
4749;2303
4750;2079
4751;502
4752;528
4753;21904.16
4754;350
4755;337
4756;349
4757;363
4758;344
4759;396
4760;22934.16
4761;435
4762;324
4763;356
4764;343
4765;363
4766;357
4767;343
4768;402
4769;489
4770;402
4771;1307
4772;515
4773;495
4774;614
4775;620
4776;508
4777;9402.12
4778;356
4779;330
4780;357
4781;343
4782;1247
4783;416
4784;9428.12
4785;383
4786;402
4787;350
4788;343
4789;363
4790;1373
4791;409
4792;528
4793;423
4794;409
4795;383
4796;600
4797;482
4798;541
4799;581
4800;1267
4801;317
4802;383
4803;363
4804;350
4805;429
4806;580
4807;561
4808;403
4809;389
4810;1485
4811;443
4812;422
4813;403
4814;343
4815;343
4816;356
4817;370
4818;376
4819;376
4820;489
4821;1419
4822;587
4823;515
4824;587
4825;121361.48
4826;363
4827;376
4828;344
4829;389
4830;343
4831;363
4832;122437.48
4833;383
4834;369
4835;370
4836;376
4837;370
4838;356
4839;363
4840;660
4841;911
4842;350
4843;376
4844;383
4845;376
4846;554
4847;621
4848;851
4849;69867.04
4850;376
4851;356
4852;363
4853;383
4854;356
4855;357
4856;69833.04
4857;806
4858;363
4859;448
4860;462
4861;502
4862;422
4863;363
4864;542
4865;1221
4866;356
4867;343
4868;541
4869;528
4870;555
4871;680
4872;561
4873;43452.32
4874;389
4875;1254
4876;363
4877;350
4878;357
4879;547
4880;43473.32
4881;336
4882;396
4883;746
4884;871
4885;852
4886;481
4887;423
4888;369
4889;858
4890;872
4891;600
4892;515
4893;469
4894;2785
4895;1736
4896;660
4897;389
4898;337
4899;343
4900;336
4901;377
4902;376
4903;383
4904;349
4905;1446
4906;389
4907;363
4908;370
4909;614
4910;574
4911;488
4912;456
4913;349
4914;357
4915;455
4916;1314
4917;613
4918;905
4919;627
4920;376
4921;350
4922;369
4923;363
4924;343
4925;330
4926;515
4927;1340
4928;515
4929;574
4930;587
4931;429
4932;469
4933;455
4934;416
4935;390
4936;369
4937;1294
4938;429
4939;435
4940;436
4941;495
4942;931
4943;884
4944;950
4945;1004
4946;580
4947;330
4948;377
4949;1320
4950;363
4951;369
4952;403
4953;429
4954;376
4955;356
4956;363
4957;363
4958;647
4959;1030
4960;435
4961;515
4962;568
4963;528
4964;521
4965;561
4966;508
4967;515
4968;535
4969;534
4970;1452
4971;522
4972;534
4973;542
4974;528
4975;528
4976;508
4977;534
4978;535
4979;528
4980;515
4981;508
4982;1452
4983;541
4984;555
4985;514
4986;502
4987;502
4988;534
4989;515
4990;521
4991;522
4992;515
4993;514
4994;1261
4995;733
4996;534
4997;528
4998;515
4999;502
5000;501
5001;508
5002;535
5003;528
5004;541
5005;541
5006;608
5007;1339
5008;502
5009;515
5010;534
5011;515
5012;522
5013;521
5014;515
5015;515
5016;521
5017;60444.92
5018;515
5019;1459
5020;515
5021;514
5022;509
5023;514
5024;60432.92
5025;508
5026;515
5027;633
5028;766
5029;653
5030;621
5031;1108
5032;918
5033;607
5034;554
5035;687
5036;627
5037;574
5038;620
5039;852
5040;693
5041;475
5042;482
5043;798
5044;1083
5045;455
5046;456
5047;468
5048;508
5049;436
5050;442
5051;462
5052;429
5053;1135
5054;1149
5055;402
5056;469
5057;409
5058;436
5059;455
5060;423
5061;481
5062;416
5063;588
5064;508
5065;7878.84
5066;720
5067;369
5068;370
5069;370
5070;363
5071;442
5072;7133.84
5073;402
5074;343
5075;363
5076;403
5077;1221
5078;1023
5079;548
5080;435
5081;377
5082;376
5083;369
5084;443
5085;468
5086;680
5087;739
5088;462
5089;1287
5090;363
5091;383
5092;370
5093;343
5094;336
5095;377
5096;534
5097;654
5098;574
5099;1828
5100;2482
5101;844
5102;641
5103;792
5104;627
5105;448
5106;462
5107;416
5108;574
5109;1697
5110;884
5111;1148
5112;436
5113;370
5114;415
5115;410
5116;330
5117;415
5118;363
5119;1103
5120;811
5121;495
5122;495
5123;403
5124;455
5125;1835
5126;1611
5127;462
5128;521
5129;574
5130;1056
5131;891
5132;1360
5133;792
5134;818
5135;601
5136;389
5137;350
5138;350
5139;402
5140;324
5141;416
5142;1260
5143;396
5144;449
5145;548
5146;508
5147;416
5148;449
5149;1313
5150;502
5151;429
5152;495
5153;455
5154;475
5155;647
5156;772
5157;1149
5158;990
5159;2230
5160;2574
5161;363
5162;436
5163;363
5164;416
5165;369
5166;383
5167;403
5168;429
5169;581
5170;514
5171;1452
5172;627
5173;429
5174;575
5175;613
5176;627
5177;548
5178;594
5179;1241
5180;977
5181;726
5182;911
5183;910
5184;542
5185;389
5186;416
5187;383
5188;376
5189;396
5190;1267
5191;653
5192;509
5193;415
5194;390
5195;363
5196;383
5197;356
5198;383
5199;350
5200;409
5201;1241
5202;475
5203;323
5204;396
5205;343
5206;396
5207;383
5208;396
5209;363
5210;475
5211;324
5212;422
5213;1307
5214;436
5215;481
5216;555
5217;462
5218;343
5219;416
5220;363
5221;600
5222;1096
5223;403
5224;336
5225;436
5226;389
5227;370
5228;409
5229;475
5230;1069
5231;1017
5232;1373
5233;376
5234;429
5235;422
5236;357
5237;409
5238;336
5239;515
5240;1063
5241;2442
5242;1610
5243;541
5244;528
5245;700
5246;700
5247;580
5248;753
5249;746
5250;706
5251;468
5252;476
5253;1273
5254;416
5255;370
5256;501
5257;443
5258;435
5259;390
5260;330
5261;448
5262;377
5263;409
5264;706
5265;1142
5266;455
5267;555
5268;455
5269;488
5270;469
5271;389
5272;581
5273;786
5274;851
5275;614
5276;1531
5277;1934
5278;917
5279;1109
5280;3109
5281;1287
5282;415
5283;423
5284;455
5285;436
5286;416
5287;1082
5288;752
5289;456
5290;548
5291;653
5292;627
5293;719
5294;575
5295;613
5296;601
5297;640
5298;2086
5299;1967
5300;409
5301;422
5302;667
5303;732
5304;680
5305;416
5306;1115
5307;634
5308;429
5309;356
5310;390
5311;587
5312;475
5313;436
5314;422
5315;1320
5316;416
5317;357
5318;415
5319;416
5320;423
5321;415
5322;449
5323;1366
5324;561
5325;489
5326;693
5327;1175
5328;2435
5329;548
5330;495
5331;508
5332;561
5333;1406
5334;528
5335;620
5336;495
5337;502
5338;449
5339;488
5340;409
5341;462
5342;495
5343;1228
5344;858
5345;548
5346;580
5347;555
5348;508
5349;660
5350;779
5351;363
5352;396
5353;317
5354;1300
5355;409
5356;317
5357;363
5358;396
5359;336
5360;344
5361;389
5362;356
5363;357
5364;369
5365;370
5366;1280
5367;363
5368;370
5369;383
5370;336
5371;383
5372;390
5373;323
5374;396
5375;363
5376;330
5377;409
5378;1281
5379;363
5380;376
5381;350
5382;343
5383;402
5384;337
5385;356
5386;390
5387;350
5388;376
5389;356
5390;363
5391;1327
5392;330
5393;402
5394;344
5395;369
5396;396
5397;330
5398;357
5399;409
5400;317
5401;349
5402;410
5403;330
5404;1280
5405;429
5406;310
5407;370
5408;409
5409;317
5410;356
5411;416
5412;323
5413;396
5414;350
5415;370
5416;363
5417;1181
5418;495
5419;357
5420;376
5421;376
5422;337
5423;402
5424;350
5425;330
5426;389
5427;370
5428;317
5429;369
5430;502
5431;1168
5432;317
5433;403
5434;376
5435;323
5436;343
5437;383
5438;363
5439;350
5440;363
5441;363
5442;330
5443;389
5444;1314
5445;343
5446;363
5447;376
5448;337
5449;336
5450;377
5451;356
5452;330
5453;370
5454;376
5455;343
5456;350
5457;640
5458;1023
5459;330
5460;383
5461;343
5462;356
5463;370
5464;323
5465;363
5466;370
5467;337
5468;369
5469;370
5470;343
5471;1294
5472;389
5473;45555.6
5474;350
5475;396
5476;369
5477;462
5478;449
5479;456
5480;45673.6
5481;443
5482;442
5483;435
5484;495
5485;1043
5486;304
5487;310
5488;323
5489;330
5490;330
5491;344
5492;349
5493;337
5494;330
5495;330
5496;330
5497;93055.48
5498;1287
5499;363
5500;357
5501;343
5502;330
5503;350
5504;93061.48
5505;357
5506;343
5507;337
5508;336
5509;337
5510;356
5511;449
5512;1214
5513;337
5514;337
5515;363
5516;356
5517;356
5518;337
5519;752
5520;608
5521;121525.48
5522;377
5523;376
5524;363
5525;1307
5526;363
5527;363
5528;121453.48
5529;567
5530;806
5531;574
5532;356
5533;390
5534;369
5535;390
5536;402
5537;548
5538;1115
5539;410
5540;409
5541;409
5542;356
5543;363
5544;601
5545;23107.8
5546;383
5547;369
5548;370
5549;370
5550;567
5551;1333
5552;23107.8
5553;495
5554;944
5555;548
5556;488
5557;561
5558;535
5559;548
5560;488
5561;508
5562;1294
5563;409
5564;357
5565;508
5566;627
5567;600
5568;370
5569;363
5570;370
5571;376
5572;383
5573;389
5574;1333
5575;436
5576;495
5577;449
5578;369
5579;508
5580;456
5581;409
5582;482
5583;396
5584;369
5585;390
5586;1425
5587;495
5588;449
5589;634
5590;660
5591;475
5592;383
5593;389
5594;403
5595;376
5596;370
5597;376
5598;1076
5599;1379
5600;587
5601;482
5602;482
5603;488
5604;489
5605;495
5606;495
5607;475
5608;475
5609;502
5610;554
5611;1320
5612;396
5613;370
5614;369
5615;370
5616;376
5617;522
5618;382
5619;390
5620;376
5621;370
5622;369
5623;1314
5624;495
5625;633
5626;647
5627;719
5628;667
5629;634
5630;547
5631;469
5632;495
5633;607
5634;1063
5635;462
5636;561
5637;521
5638;535
5639;653
5640;601
5641;389
5642;370
5643;363
5644;363
5645;409
5646;1320
5647;370
5648;409
5649;455
5650;409
5651;542
5652;620
5653;733
5654;772
5655;785
5656;845
5657;1360
5658;587
5659;752
5660;687
5661;653
5662;858
5663;924
5664;469
5665;16191.96
5666;389
5667;376
5668;1294
5669;370
5670;376
5671;376
5672;16283.96
5673;423
5674;442
5675;383
5676;389
5677;396
5678;937
5679;740
5680;382
5681;429
5682;575
5683;409
5684;442
5685;554
5686;548
5687;621
5688;521
5689;548
5690;1168
5691;356
5692;357
5693;363
5694;356
5695;456
5696;508
5697;376
5698;383
5699;389
5700;370
5701;818
5702;1083
5703;455
5704;535
5705;455
5706;475
5707;614
5708;1544
5709;845
5710;911
5711;832
5712;660
5713;10617.76
5714;1326
5715;383
5716;376
5717;363
5718;363
5719;489
5720;10703.76
5721;356
5722;370
5723;383
5724;554
5725;1459
5726;488
5727;389
5728;396
5729;363
5730;383
5731;416
5732;607
5733;647
5734;937
5735;845
5736;574
5737;4856.92
5738;462
5739;489
5740;475
5741;554
5742;951
5743;1016
5744;4170.92
5745;535
5746;442
5747;416
5748;1339
5749;535
5750;429
5751;455
5752;502
5753;416
5754;422
5755;456
5756;396
5757;363
5758;429
5759;514
5760;1314
5761;363
5762;369
5763;370
5764;442
5765;324
5766;356
5767;488
5768;542
5769;376
5770;1201
5771;469
5772;389
5773;475
5774;588
5775;561
5776;574
5777;567
5778;561
5779;575
5780;554
5781;554
5782;1413
5783;620
5784;370
5785;369
5786;363
5787;363
5788;357
5789;356
5790;357
5791;468
5792;376
5793;363
5794;819
5795;818
5796;442
5797;344
5798;468
5799;370
5800;482
5801;475
5802;554
5803;739
5804;898
5805;1300
5806;1696
5807;1162
5808;977
5809;67406.76
5810;469
5811;469
5812;468
5813;462
5814;462
5815;462
5816;67116.76
5817;423
5818;1287
5819;336
5820;555
5821;495
5822;323
5823;297
5824;297
5825;330
5826;324
5827;336
5828;436
5829;1161
5830;317
5831;317
5832;317
5833;336
5834;337
5835;337
5836;336
5837;310
5838;317
5839;317
5840;323
5841;1327
5842;337
5843;323
5844;330
5845;323
5846;317
5847;324
5848;316
5849;324
5850;330
5851;336
5852;924
5853;707
5854;336
5855;324
5856;316
5857;38758.76
5858;310
5859;311
5860;343
5861;336
5862;337
5863;323
5864;38771.76
5865;1268
5866;303
5867;330
5868;482
5869;488
5870;370
5871;363
5872;462
5873;376
5874;343
5875;429
5876;456
5877;1419
5878;699
5879;740
5880;462
5881;37667.12
5882;337
5883;336
5884;350
5885;356
5886;344
5887;330
5888;38829.12
5889;481
5890;363
5891;469
5892;455
5893;482
5894;502
5895;746
5896;600
5897;581
5898;541
5899;1479
5900;726
5901;726
5902;917
5903;1135
5904;990
5905;78384.16
5906;356
5907;370
5908;376
5909;350
5910;1254
5911;435
5912;78589.16
5913;396
5914;349
5915;344
5916;389
5917;568
5918;1419
5919;468
5920;469
5921;482
5922;501
5923;574
5924;660
5925;845
5926;1109
5927;1003
5928;1347
5929;56888
5930;363
5931;376
5932;370
5933;350
5934;336
5935;614
5936;57271
5937;409
5938;1195
5939;442
5940;350
5941;403
5942;396
5943;376
5944;422
5945;475
5946;462
5947;746
5948;739
5949;1426
5950;1175
5951;673
5952;508
5953;17487.6
5954;541
5955;535
5956;515
5957;508
5958;521
5959;548
5960;17731.6
5961;1182
5962;495
5963;515
5964;475
5965;383
5966;376
5967;482
5968;501
5969;581
5970;574
5971;541
5972;1360
5973;363
5974;363
5975;607
5976;713
5977;759
5978;713
5979;719
5980;693
5981;350
5982;370
5983;765
5984;904
5985;344
5986;349
5987;614
5988;706
5989;832
5990;898
5991;871
5992;647
5993;580
5994;693
5995;1743
5996;805
5997;1069
5998;1604
5999;673
6000;436
6001;442
6002;469
6003;462
6004;429
6005;429
6006;1392
6007;508
6008;971
6009;475
6010;534
6011;436
6012;502
6013;501
6014;383
6015;1102
6016;555
6017;389
6018;363
6019;521
6020;806
6021;798
6022;594
6023;456
6024;429
6025;435
6026;1393
6027;455
6028;449
6029;436
6030;429
6031;455
6032;779
6033;389
6034;357
6035;369
6036;436
6037;1498
6038;422
6039;350
6040;343
6041;377
6042;376
6043;653
6044;825
6045;640
6046;370
6047;337
6048;1221
6049;455
6050;363
6051;363
6052;350
6053;330
6054;376
6055;363
6056;403
6057;422
6058;383
6059;772
6060;858
6061;462
6062;561
6063;1525
6064;554
6065;343
6066;343
6067;344
6068;310
6069;924
6070;1531
6071;818
6072;462
6073;350
6074;376
6075;344
6076;343
6077;369
6078;924
6079;660
6080;502
6081;726
6082;508
6083;1564
6084;872
6085;1069
6086;620
6087;614
6088;502
6089;488
6090;845
6091;1155
6092;1135
6093;686
6094;2211
6095;1888
6096;739
6097;489
6098;481
6099;489
6100;1419
6101;468
6102;476
6103;468
6104;568
6105;561
6106;620
6107;469
6108;475
6109;1393
6110;468
6111;469
6112;455
6113;462
6114;462
6115;456
6116;488
6117;647
6118;633
6119;1274
6120;337
6121;277
6122;284
6123;330
6124;297
6125;409
6126;475
6127;508
6128;515
6129;1360
6130;422
6131;456
6132;567
6133;449
6134;449
6135;488
6136;475
6137;383
6138;330
6139;687
6140;1465
6141;587
6142;766
6143;739
6144;640
6145;640
6146;528
6147;337
6148;363
6149;363
6150;337
6151;1280
6152;370
6153;415
6154;363
6155;357
6156;343
6157;396
6158;686
6159;766
6160;1399
6161;515
6162;581
6163;561
6164;673
6165;726
6166;911
6167;831
6168;806
6169;415
6170;357
6171;1115
6172;581
6173;343
6174;343
6175;383
6176;416
6177;389
6178;489
6179;475
6180;482
6181;495
6182;1406
6183;396
6184;363
6185;376
6186;356
6187;357
6188;495
6189;686
6190;680
6191;759
6192;805
6193;1379
6194;548
6195;363
6196;403
6197;369
6198;344
6199;620
6200;805
6201;713
6202;535
6203;1366
6204;640
6205;554
6206;548
6207;515
6208;508
6209;489
6210;547
6211;680
6212;680
6213;541
6214;581
6215;1690
6216;686
6217;614
6218;488
6219;614
6220;469
6221;435
6222;594
6223;383
6224;350
6225;402
6226;2291
6227;1940
6228;1036
6229;885
6230;660
6231;1557
6232;528
6233;535
6234;449
6235;455
6236;2409
6237;601
6238;587
6239;581
6240;468
6241;363
6242;390
6243;686
6244;1023
6245;363
6246;383
6247;601
6248;363
6249;468
6250;376
6251;396
6252;1320
6253;1043
6254;502
6255;2481
6256;1116
6257;548
6258;1564
6259;1472
6260;580
6261;957
6262;812
6263;680
6264;429
6265;403
6266;382
6267;905
6268;805
6269;389
6270;396
6271;462
6272;548
6273;568
6274;534
6275;508
6276;634
6277;1327
6278;686
6279;1155
6280;488
6281;1558
6282;614
6283;1386
6284;3062
6285;713
6286;1214
6287;1155
6288;528
6289;429
6290;317
6291;390
6292;1122
6293;534
6294;687
6295;686
6296;858
6297;726
6298;647
6299;488
6300;555
6301;1207
6302;1281
6303;468
6304;502
6305;680
6306;1102
6307;528
6308;1360
6309;1069
6310;541
6311;1247
6312;997
6313;548
6314;462
6315;396
6316;468
6317;377
6318;415
6319;330
6320;403
6321;508
6322;1782
6323;1083
6324;488
6325;832
6326;1029
6327;508
6328;1895
6329;1313
6330;449
6331;1287
6332;383
6333;442
6334;350
6335;349
6336;429
6337;337
6338;370
6339;409
6340;323
6341;383
6342;1327
6343;323
6344;416
6345;323
6346;383
6347;350
6348;336
6349;403
6350;323
6351;403
6352;350
6353;1293
6354;416
6355;449
6356;700
6357;1168
6358;561
6359;614
6360;666
6361;396
6362;310
6363;396
6364;1287
6365;383
6366;363
6367;343
6368;581
6369;350
6370;1023
6371;2534
6372;1961
6373;455
6374;568
6375;1366
6376;1524
6377;819
6378;475
6379;521
6380;390
6381;924
6382;673
6383;1577
6384;588
6385;10492.76
6386;376
6387;383
6388;336
6389;396
6390;297
6391;601
6392;11746.76
6393;580
6394;634
6395;515
6396;449
6397;561
6398;1379
6399;1221
6400;1307
6401;350
6402;376
6403;363
6404;363
6405;739
6406;818
6407;1961
6408;706
6409;7344.84
6410;468
6411;416
6412;489
6413;369
6414;429
6415;508
6416;8546.84
6417;528
6418;508
6419;1716
6420;3036
6421;2633
6422;2614
6423;739
6424;581
6425;1208
6426;1531
6427;686
6428;2211
6429;819
6430;844
6431;911
6432;990
6433;1096
6434;1155
6435;455
6436;416
6437;422
6438;482
6439;409
6440;581
6441;819
6442;1141
6443;1749
6444;410
6445;475
6446;640
6447;521
6448;548
6449;1531
6450;608
6451;633
6452;574
6453;1030
6454;845
6455;818
6456;871
6457;1274
6458;403
6459;435
6460;410
6461;442
6462;416
6463;501
6464;766
6465;1241
6466;871
6467;587
6468;442
6469;416
6470;1300
6471;924
6472;423
6473;449
6474;514
6475;429
6476;548
6477;2442
6478;1472
6479;739
6480;713
6481;422
6482;423
6483;449
6484;620
6485;1228
6486;369
6487;409
6488;568
6489;475
6490;1063
6491;2943
6492;1169
6493;415
6494;944
6495;535
6496;482
6497;356
6498;304
6499;330
6500;1498
6501;779
6502;574
6503;666
6504;832
6505;475
6506;370
6507;422
6508;409
6509;1406
6510;442
6511;377
6512;600
6513;568
6514;2303
6515;2515
6516;805
6517;1023
6518;581
6519;475
6520;1353
6521;396
6522;370
6523;369
6524;1749
6525;687
6526;792
6527;1003
6528;739
6529;502
6530;1359
6531;330
6532;416
6533;416
6534;422
6535;462
6536;1155
6537;746
6538;581
6539;435
6540;522
6541;620
6542;1822
6543;1392
6544;436
6545;449
6546;350
6547;1887
6548;3082
6549;878
6550;1822
6551;924
6552;581
6553;646
6554;304
6555;376
6556;396
6557;376
6558;383
6559;1485
6560;700
6561;633
6562;832
6563;653
6564;1136
6565;1148
6566;607
6567;1241
6568;917
6569;555
6570;488
6571;482
6572;627
6573;990
6574;680
6575;1056
6576;884
6577;1538
6578;528
6579;416
6580;521
6581;436
6582;495
6583;475
6584;812
6585;772
6586;1492
6587;541
6588;713
6589;3154
6590;1221
6591;759
6592;3135
6593;2112
6594;1598
6595;620
6596;356
6597;377
6598;739
6599;600
6600;370
6601;363
6602;1313
6603;416
6604;343
6605;410
6606;600
6607;673
6608;542
6609;435
6610;363
6611;1129
6612;607
6613;660
6614;475
6615;442
6616;377
6617;402
6618;429
6619;363
6620;588
6621;2079
6622;844
6623;687
6624;488
6625;343
6626;383
6627;370
6628;383
6629;349
6630;357
6631;1458
6632;654
6633;475
6634;653
6635;2244
6636;2337
6637;1346
6638;1109
6639;376
6640;396
6641;350
6642;396
6643;1379
6644;839
6645;937
6646;1175
6647;1082
6648;733
6649;402
6650;357
6651;1346
6652;389
6653;357
6654;567
6655;548
6656;627
6657;680
6658;1386
6659;1142
6660;1848
6661;1293
6662;555
6663;350
6664;1320
6665;442
6666;356
6667;337
6668;330
6669;343
6670;343
6671;660
6672;614
6673;1558
6674;402
6675;297
6676;357
6677;290
6678;475
6679;396
6680;647
6681;502
6682;653
6683;2257
6684;2660
6685;1604
6686;772
6687;772
6688;581
6689;1016
6690;1228
6691;620
6692;396
6693;443
6694;429
6695;475
6696;409
6697;706
6698;1116
6699;376
6700;402
6701;476
6702;435
6703;409
6704;621
6705;541
6706;1551
6707;693
6708;449
6709;482
6710;693
6711;389
6712;363
6713;1056
6714;1465
6715;561
6716;588
6717;792
6718;858
6719;679
6720;614
6721;1551
6722;475
6723;423
6724;449
6725;409
6726;396
6727;422
6728;495
6729;673
6730;1386
6731;429
6732;423
6733;422
6734;594
6735;607
6736;555
6737;515
6738;1194
6739;1109
6740;2475
6741;1643
6742;964
6743;871
6744;858
6745;462
6746;350
6747;1432
6748;409
6749;476
6750;409
6751;620
6752;673
6753;634
6754;2693
6755;2844
6756;4667
6757;2303
6758;1280
6759;799
6760;1973
6761;1796
6762;4197
6763;1287
6764;588
6765;732
6766;937
6767;766
6768;818
6769;1452
6770;535
6771;442
6772;548
6773;469
6774;541
6775;567
6776;786
6777;627
6778;1498
6779;832
6780;627
6781;904
6782;759
6783;468
6784;634
6785;581
6786;818
6787;937
6788;1967
6789;990
6790;766
6791;845
6792;831
6793;858
6794;508
6795;601
6796;475
6797;561
6798;1267
6799;753
6800;884
6801;832
6802;521
6803;449
6804;482
6805;1214
6806;1010
6807;2528
6808;1399
6809;568
6810;607
6811;627
6812;1716
6813;1887
6814;2211
6815;1202
6816;732
6817;627
6818;489
6819;475
6820;435
6821;449
6822;535
6823;673
6824;1690
6825;580
6826;799
6827;1201
6828;1267
6829;799
6830;799
6831;666
6832;713
6833;1056
6834;1142
6835;383
6836;897
6837;812
6838;574
6839;574
6840;489
6841;409
6842;337
6843;369
6844;1274
6845;416
6846;435
6847;436
6848;389
6849;509
6850;600
6851;588
6852;587
6853;693
6854;1511
6855;720
6856;488
6857;330
6858;390
6859;336
6860;720
6861;884
6862;818
6863;885
6864;818
6865;1538
6866;475
6867;390
6868;290
6869;350
6870;290
6871;376
6872;357
6873;521
6874;1815
6875;2244
6876;390
6877;415
6878;766
6879;554
6880;535
6881;1465
6882;667
6883;449
6884;732
6885;931
6886;937
6887;950
6888;753
6889;1320
6890;422
6891;330
6892;403
6893;336
6894;370
6895;383
6896;521
6897;660
6898;1591
6899;416
6900;409
6901;1472
6902;1709
6903;1716
6904;455
6905;502
6906;1393
6907;330
6908;402
6909;733
6910;620
6911;588
6912;627
6913;389
6914;304
6915;1359
6916;357
6917;409
6918;323
6919;462
6920;634
6921;561
6922;396
6923;468
6924;1353
6925;2640
6926;1987
6927;667
6928;521
6929;535
6930;429
6931;528
6932;712
6933;759
6934;1763
6935;871
6936;633
6937;555
6938;303
6939;370
6940;323
6941;396
6942;377
6943;561
6944;1386
6945;481
6946;528
6947;469
6948;528
6949;1016
6950;753
6951;455
6952;515
6953;700
6954;1425
6955;706
6956;693
6957;977
6958;739
6959;753
6960;607
6961;429
6962;409
6963;403
6964;442
6965;1426
6966;409
6967;383
6968;805
6969;759
6970;706
6971;528
6972;640
6973;2172
6974;1194
6975;522
6976;422
6977;455
6978;443
6979;541
6980;620
6981;667
6982;937
6983;1195
6984;1359
6985;528
6986;502
6987;548
6988;514
6989;456
6990;495
6991;785
6992;805
6993;845
6994;2337
6995;2356
6996;666
6997;845
6998;739
6999;608
7000;514
7001;429
7002;476
7003;600
7004;1914
7005;832
7006;911
7007;1042
7008;806
7009;693
7010;415
7011;403
7012;462
7013;469
7014;481
7015;1472
7016;515
7017;587
7018;918
7019;2673
7020;2191
7021;2053
7022;508
7023;548
7024;1531
7025;508
7026;436
7027;2052
7028;1611
7029;719
7030;898
7031;1597
7032;792
7033;732
7034;436
7035;442
7036;442
7037;456
7038;673
7039;1162
7040;521
7041;686
7042;726
7043;1122
7044;581
7045;667
7046;1656
7047;2733
7048;924
7049;620
7050;720
7051;792
7052;653
7053;865
7054;897
7055;1822
7056;673
7057;601
7058;468
7059;449
7060;422
7061;436
7062;422
7063;403
7064;1630
7065;713
7066;502
7067;415
7068;660
7069;1294
7070;693
7071;634
7072;600
7073;1538
7074;911
7075;752
7076;799
7077;528
7078;528
7079;508
7080;502
7081;534
7082;409
7083;1380
7084;435
7085;436
7086;416
7087;449
7088;455
7089;581
7090;488
7091;475
7092;1122
7093;4066
7094;1419
7095;865
7096;877
7097;819
7098;977
7099;1148
7100;1056
7101;812
7102;1142
7103;1042
7104;674
7105;660
7106;475
7107;462
7108;488
7109;482
7110;528
7111;554
7112;918
7113;1630
7114;581
7115;554
7116;515
7117;2429
7118;1472
7119;1650
7120;2409
7121;561
7122;851
7123;1485
7124;746
7125;897
7126;726
7127;1043
7128;1294
7129;666
7130;456
7131;435
7132;449
7133;997
7134;825
7135;435
7136;627
7137;614
7138;581
7139;442
7140;462
7141;819
7142;1042
7143;410
7144;1537
7145;495
7146;522
7147;673
7148;805
7149;964
7150;726
7151;713
7152;712
7153;740
7154;508
7155;1432
7156;449
7157;449
7158;442
7159;429
7160;429
7161;600
7162;1604
7163;2455
7164;2159
7165;508
7166;534
7167;548
7168;568
7169;561
7170;1511
7171;1175
7172;1056
7173;647
7174;627
7175;607
7176;799
7177;620
7178;1452
7179;588
7180;567
7181;634
7182;633
7183;528
7184;647
7185;561
7186;1432
7187;594
7188;680
7189;713
7190;805
7191;436
7192;396
7193;396
7194;1373
7195;402
7196;429
7197;423
7198;429
7199;415
7200;601
7201;416
7202;409
7203;1056
7204;779
7205;442
7206;535
7207;567
7208;667
7209;963
7210;1301
7211;778
7212;707
7213;1947
7214;1049
7215;502
7216;442
7217;449
7218;481
7219;713
7220;4963
7221;2627
7222;2099
7223;2303
7224;1136
7225;673
7226;383
7227;448
7228;416
7229;489
7230;363
7231;501
7232;1531
7233;753
7234;554
7235;482
7236;482
7237;1267
7238;561
7239;409
7240;489
7241;415
7242;1030
7243;746
7244;600
7245;858
7246;707
7247;666
7248;548
7249;363
7250;482
7251;416
7252;435
7253;1393
7254;369
7255;588
7256;581
7257;811
7258;2687
7259;1023
7260;904
7261;1538
7262;1518
7263;1768
7264;891
7265;779
7266;1149
7267;1537
7268;1136
7269;963
7270;964
7271;1175
7272;970
7273;792
7274;1109
7275;402
7276;429
7277;442
7278;489
7279;686
7280;588
7281;745
7282;568
7283;601
7284;1610
7285;739
7286;865
7287;554
7288;588
7289;633
7290;720
7291;534
7292;1109
7293;950
7294;1076
7295;1921
7296;2752
7297;429
7298;462
7299;442
7300;423
7301;409
7302;422
7303;548
7304;1056
7305;1630
7306;489
7307;349
7308;258
7309;237
7310;1268
7311;270
7312;304
7313;231
7314;290
7315;225
7316;316
7317;271
7318;271
7319;1194
7320;264
7321;277
7322;264
7323;337
7324;224
7325;284
7326;225
7327;257
7328;304
7329;1240
7330;278
7331;211
7332;297
7333;231
7334;303
7335;291
7336;178
7337;198
7338;139
7339;1181
7340;178
7341;238
7342;185
7343;165
7344;198
7345;138
7346;225
7347;184
7348;231
7349;436
7350;878
7351;198
7352;145
7353;238
7354;171
7355;238
7356;171
7357;172
7358;185
7359;145
7360;680
7361;699
7362;238
7363;158
7364;245
7365;257
7366;231
7367;330
7368;257
7369;291
7370;231
7371;673
7372;805
7373;258
7374;323
7375;238
7376;283
7377;225
7378;257
7379;284
7380;271
7381;297
7382;257
7383;1234
7384;231
7385;258
7386;330
7387;244
7388;277
7389;224
7390;251
7391;304
7392;257
7393;284
7394;1188
7395;277
7396;251
7397;284
7398;277
7399;218
7400;270
7401;238
7402;264
7403;317
7404;224
7405;713
7406;759
7407;264
7408;317
7409;231
7410;290
7411;211
7412;245
7413;310
7414;251
7415;270
7416;205
7417;1227
7418;291
7419;244
7420;271
7421;204
7422;264
7423;291
7424;217
7425;271
7426;224
7427;291
7428;1247
7429;218
7430;277
7431;244
7432;812
7433;858
7434;693
7435;614
7436;700
7437;336
7438;838
7439;1129
7440;983
7441;482
7442;429
7443;528
7444;449
7445;455
7446;443
7447;429
7448;699
7449;601
7450;1439
7451;739
7452;594
7453;600
7454;680
7455;515
7456;521
7457;700
7458;805
7459;852
7460;1452
7461;1485
7462;924
7463;844
7464;753
7465;614
7466;448
7467;403
7468;383
7469;442
7470;403
7471;1108
7472;872
7473;660
7474;554
7475;462
7476;502
7477;930
7478;1465
7479;1070
7480;554
7481;1498
7482;627
7483;621
7484;910
7485;832
7486;746
7487;812
7488;719
7489;713
7490;482
7491;772
7492;1208
7493;541
7494;442
7495;587
7496;614
7497;779
7498;1993
7499;2752
7500;2792
7501;1003
7502;1347
7503;574
7504;455
7505;542
7506;1504
7507;495
7508;2528
7509;2950
7510;1518
7511;1301
7512;3036
7513;574
7514;455
7515;390
7516;818
7517;1089
7518;502
7519;435
7520;647
7521;700
7522;3385
7523;3340
7524;1604
7525;488
7526;1096
7527;1049
7528;574
7529;674
7530;1003
7531;369
7532;2112
7533;1162
7534;898
7535;1749
7536;660
7537;343
7538;389
7539;304
7540;343
7541;370
7542;422
7543;1492
7544;640
7545;574
7546;799
7547;858
7548;759
7549;831
7550;1109
7551;1868
7552;746
7553;699
7554;805
7555;746
7556;594
7557;568
7558;607
7559;1320
7560;1300
7561;456
7562;547
7563;502
7564;515
7565;462
7566;508
7567;627
7568;851
7569;1433
7570;554
7571;495
7572;462
7573;1049
7574;1096
7575;469
7576;330
7577;363
7578;1254
7579;679
7580;812
7581;1168
7582;1664
7583;2145
7584;534
7585;442
7586;396
7587;489
7588;1293
7589;502
7590;389
7591;528
7592;660
7593;654
7594;600
7595;878
7596;1485
7597;2561
7598;1848
7599;818
7600;2244
7601;2258
7602;1016
7603;805
7604;1043
7605;871
7606;1512
7607;1478
7608;667
7609;561
7610;415
7611;449
7612;376
7613;489
7614;409
7615;680
7616;1241
7617;1056
7618;528
7619;442
7620;482
7621;712
7622;753
7623;831
7624;581
7625;423
7626;1425
7627;548
7628;660
7629;759
7630;739
7631;621
7632;653
7633;495
7634;363
7635;363
7636;1261
7637;363
7638;587
7639;706
7640;660
7641;733
7642;548
7643;1049
7644;1683
7645;1393
7646;1095
7647;2647
7648;699
7649;429
7650;443
7651;528
7652;1399
7653;871
7654;719
7655;1670
7656;720
7657;534
7658;489
7659;429
7660;508
7661;495
7662;455
7663;720
7664;567
7665;1307
7666;1049
7667;594
7668;469
7669;508
7670;456
7671;508
7672;554
7673;357
7674;409
7675;1531
7676;832
7677;864
7678;898
7679;911
7680;805
7681;594
7682;541
7683;436
7684;1287
7685;640
7686;528
7687;482
7688;501
7689;588
7690;1379
7691;2653
7692;2350
7693;620
7694;739
7695;740
7696;607
7697;792
7698;1689
7699;495
7700;601
7701;878
7702;911
7703;818
7704;495
7705;1386
7706;581
7707;541
7708;475
7709;508
7710;449
7711;607
7712;707
7713;1663
7714;2514
7715;687
7716;706
7717;693
7718;1175
7719;2739
7720;1953
7721;1056
7722;753
7723;1188
7724;1227
7725;792
7726;885
7727;1703
7728;1095
7729;607
7730;528
7731;482
7732;528
7733;495
7734;581
7735;1109
7736;1148
7737;640
7738;812
7739;601
7740;442
7741;838
7742;1142
7743;917
7744;350
7745;449
7746;581
7747;666
7748;1122
7749;905
7750;910
7751;1881
7752;898
7753;574
7754;482
7755;521
7756;482
7757;555
7758;534
7759;667
7760;1524
7761;924
7762;845
7763;568
7764;600
7765;825
7766;792
7767;561
7768;1136
7769;1036
7770;693
7771;825
7772;858
7773;1016
7774;937
7775;898
7776;733
7777;620
7778;1445
7779;568
7780;502
7781;514
7782;621
7783;897
7784;1030
7785;653
7786;1987
7787;3003
7788;469
7789;547
7790;561
7791;660
7792;476
7793;554
7794;607
7795;1413
7796;1155
7797;1590
7798;845
7799;1043
7800;1016
7801;687
7802;528
7803;514
7804;509
7805;462
7806;732
7807;1366
7808;726
7809;588
7810;627
7811;515
7812;640
7813;950
7814;977
7815;660
7816;1670
7817;825
7818;845
7819;1267
7820;1307
7821;1108
7822;779
7823;779
7824;779
7825;779
7826;1168
7827;864
7828;482
7829;502
7830;475
7831;515
7832;713
7833;1900
7834;700
7835;561
7836;488
7837;1089
7838;858
7839;555
7840;442
7841;1445
7842;568
7843;825
7844;1175
7845;1043
7846;1029
7847;1175
7848;871
7849;1175
7850;964
7851;422
7852;436
7853;356
7854;409
7855;343
7856;429
7857;568
7858;3102
7859;3287
7860;2376
7861;541
7862;409
7863;416
7864;389
7865;357
7866;851
7867;1023
7868;726
7869;1083
7870;937
7871;1069
7872;805
7873;634
7874;1115
7875;898
7876;521
7877;456
7878;514
7879;502
7880;640
7881;614
7882;759
7883;2521
7884;2812
7885;884
7886;568
7887;884
7888;588
7889;726
7890;679
7891;469
7892;1445
7893;938
7894;1069
7895;1214
7896;898
7897;508
7898;455
7899;476
7900;547
7901;1446
7902;495
7903;449
7904;640
7905;660
7906;614
7907;455
7908;502
7909;805
7910;1788
7911;806
7912;679
7913;674
7914;792
7915;950
7916;548
7917;871
7918;990
7919;1122
7920;1630
7921;495
7922;462
7923;469
7924;521
7925;515
7926;455
7927;482
7928;574
7929;720
7930;1802
7931;785
7932;746
7933;1425
7934;1056
7935;693
7936;528
7937;522
7938;1716
7939;1214
7940;1512
7941;1003
7942;884
7943;1175
7944;964
7945;686
7946;455
7947;469
7948;1485
7949;528
7950;436
7951;501
7952;687
7953;706
7954;2897
7955;4185
7956;1801
7957;707
7958;858
7959;613
7960;667
7961;581
7962;1676
7963;832
7964;666
7965;977
7966;964
7967;1267
7968;752
7969;509
7970;1452
7971;521
7972;495
7973;528
7974;449
7975;581
7976;752
7977;759
7978;1696
7979;726
7980;713
7981;1518
7982;1056
7983;713
7984;739
7985;805
7986;885
7987;1887
7988;911
7989;1201
7990;964
7991;858
7992;897
7993;753
7994;541
7995;475
7996;1419
7997;508
7998;522
7999;501
8000;733
8001;581
8002;653
8003;621
8004;528
8005;1452
8006;653
8007;726
8008;845
8009;858
8010;805
8011;924
8012;950
8013;1017
8014;713
8015;1854
8016;990
8017;753
8018;607
8019;508
8020;594
8021;548
8022;600
8023;535
8024;554
8025;1624
8026;1452
8027;4283
8028;2964
8029;1485
8030;482
8031;547
8032;482
8033;1274
8034;752
8035;819
8036;620
8037;805
8038;845
8039;924
8040;898
8041;620
8042;436
8043;1254
8044;759
8045;515
8046;514
8047;469
8048;653
8049;773
8050;1016
8051;2422
8052;561
8053;746
8054;752
8055;1241
8056;977
8057;792
8058;1452
8059;1881
8060;1069
8061;852
8062;844
8063;1017
8064;1016
8065;746
8066;442
8067;1096
8068;805
8069;521
8070;482
8071;515
8072;508
8073;594
8074;1789
8075;2811
8076;2436
8077;924
8078;911
8079;937
8080;633
8081;740
8082;924
8083;1663
8084;831
8085;773
8086;745
8087;885
8088;950
8089;634
8090;1465
8091;521
8092;449
8093;462
8094;429
8095;495
8096;766
8097;640
8098;1267
8099;819
8100;468
8101;1241
8102;957
8103;620
8104;489
8105;449
8106;1155
8107;1201
8108;587
8109;1386
8110;878
8111;1043
8112;950
8113;568
8114;429
8115;851
8116;1056
8117;449
8118;680
8119;534
8120;726
8121;608
8122;640
8123;620
8124;1452
8125;693
8126;614
8127;2376
8128;2092
8129;693
8130;1017
8131;1240
8132;1400
8133;2270
8134;891
8135;792
8136;1016
8137;647
8138;475
8139;476
8140;435
8141;541
8142;482
8143;1558
8144;673
8145;442
8146;1465
8147;2594
8148;1591
8149;574
8150;660
8151;924
8152;1426
8153;1900
8154;1928
8155;646
8156;561
8157;825
8158;726
8159;792
8160;773
8161;587
8162;1406
8163;488
8164;449
8165;502
8166;495
8167;646
8168;740
8169;805
8170;1518
8171;449
8172;442
8173;501
8174;542
8175;547
8176;436
8177;488
8178;720
8179;1663
8180;871
8181;937
8182;951
8183;1122
8184;990
8185;462
8186;495
8187;462
8188;1518
8189;422
8190;449
8191;488
8192;482
8193;726
8194;607
8195;2251
8196;871
8197;706
8198;964
8199;719
8200;759
8201;1017
8202;1980
8203;1109
8204;1201
8205;911
8206;739
8207;897
8208;964
8209;944
8210;1386
8211;449
8212;475
8213;455
8214;535
8215;442
8216;488
8217;627
8218;1584
8219;2258
8220;2323
8221;680
8222;1009
8223;674
8224;686
8225;766
8226;811
8227;2086
8228;1175
8229;1095
8230;740
8231;818
8232;739
8233;753
8234;501
8235;541
8236;1248
8237;706
8238;488
8239;509
8240;679
8241;733
8242;911
8243;620
8244;759
8245;2112
8246;911
8247;541
8248;462
8249;449
8250;601
8251;528
8252;429
8253;1082
8254;1617
8255;1096
8256;1069
8257;845
8258;442
8259;515
8260;541
8261;462
8262;515
8263;455
8264;1736
8265;818
8266;713
8267;508
8268;891
8269;1868
8270;871
8271;885
8272;1412
8273;937
8274;1413
8275;2534
8276;1228
8277;1036
8278;2369
8279;2119
8280;1538
8281;567
8282;614
8283;521
8284;588
8285;561
8286;779
8287;712
8288;792
8289;1690
8290;2475
8291;2363
8292;449
8293;1102
8294;653
8295;357
8296;488
8297;1102
8298;2238
8299;1419
8300;897
8301;720
8302;990
8303;1056
8304;1148
8305;1637
8306;482
8307;442
8308;534
8309;443
8310;475
8311;693
8312;752
8313;1729
8314;621
8315;680
8316;792
8317;732
8318;885
8319;719
8320;640
8321;1683
8322;706
8323;964
8324;1096
8325;1353
8326;1029
8327;779
8328;739
8329;1149
8330;970
8331;495
8332;429
8333;468
8334;489
8335;416
8336;640
8337;851
8338;1347
8339;759
8340;514
8341;403
8342;594
8343;383
8344;429
8345;541
8346;1082
8347;1961
8348;844
8349;1149
8350;1241
8351;1254
8352;1122
8353;778
8354;489
8355;508
8356;1327
8357;693
8358;561
8359;462
8360;534
8361;693
8362;812
8363;3049
8364;2370
8365;1999
8366;898
8367;845
8368;785
8369;535
8370;501
8371;1030
8372;1148
8373;1961
8374;1339
8375;1122
8376;1017
8377;620
8378;482
8379;528
8380;436
8381;514
8382;977
8383;931
8384;666
8385;720
8386;897
8387;674
8388;818
8389;1003
8390;733
8391;1491
8392;627
8393;687
8394;1043
8395;1069
8396;1148
8397;1017
8398;765
8399;753
8400;1313
8401;1208
8402;666
8403;647
8404;713
8405;634
8406;660
8407;693
8408;871
8409;548
8410;1590
8411;594
8412;449
8413;785
8414;1228
8415;871
8416;812
8417;805
8418;673
8419;1782
8420;872
8421;1201
8422;864
8423;1030
8424;1175
8425;581
8426;541
8427;508
8428;515
8429;1478
8430;588
8431;501
8432;541
8433;786
8434;2396
8435;1914
8436;567
8437;3478
8438;1591
8439;601
8440;567
8441;627
8442;1386
8443;1993
8444;1994
8445;2310
8446;1174
8447;1136
8448;963
8449;753
8450;488
8451;455
8452;509
8453;481
8454;1472
8455;436
8456;792
8457;924
8458;1993
8459;2752
8460;1195
8461;1564
8462;3221
8463;1379
8464;614
8465;1703
8466;647
8467;646
8468;951
8469;884
8470;885
8471;1082
8472;1485
8473;693
8474;488
8475;476
8476;508
8477;422
8478;462
8479;726
8480;1083
8481;1366
8482;1274
8483;871
8484;495
8485;706
8486;957
8487;502
8488;587
8489;1082
8490;1479
8491;1095
8492;911
8493;1149
8494;818
8495;812
8496;620
8497;634
8498;1313
8499;429
8500;343
8501;396
8502;396
8503;436
8504;469
8505;679
8506;3531
8507;1281
8508;442
8509;449
8510;488
8511;429
8512;416
8513;462
8514;568
8515;1623
8516;1096
8517;1392
8518;1175
8519;1188
8520;1215
8521;1095
8522;449
8523;416
8524;957
8525;858
8526;429
8527;369
8528;429
8529;575
8530;580
8531;469
8532;627
8533;1709
8534;746
8535;713
8536;627
8537;713
8538;1122
8539;1425
8540;977
8541;1683
8542;667
8543;699
8544;898
8545;713
8546;614
8547;627
8548;574
8549;633
8550;878
8551;1353
8552;766
8553;818
8554;753
8555;673
8556;660
8557;600
8558;1413
8559;1188
8560;680
8561;633
8562;700
8563;858
8564;1696
8565;1102
8566;1254
8567;1624
8568;1590
8569;680
8570;370
8571;442
8572;356
8573;410
8574;336
8575;436
8576;653
8577;1670
8578;1320
8579;568
8580;488
8581;2356
8582;878
8583;2686
8584;1261
8585;1359
8586;2812
8587;2218
8588;389
8589;376
8590;416
8591;396
8592;416
8593;1260
8594;528
8595;403
8596;442
8597;508
8598;436
8599;482
8600;468
8601;1512
8602;475
8603;449
8604;455
8605;449
8606;508
8607;449
8608;370
8609;580
8610;1162
8611;376
8612;423
8613;561
8614;904
8615;884
8616;693
8617;390
8618;587
8619;1195
8620;396
8621;382
8622;502
8623;502
8624;594
8625;627
8626;462
8627;574
8628;1491
8629;839
8630;851
8631;594
8632;706
8633;667
8634;871
8635;911
8636;1122
8637;1960
8638;700
8639;778
8640;832
8641;667
8642;567
8643;522
8644;508
8645;534
8646;489
8647;1736
8648;831
8649;555
8650;534
8651;469
8652;508
8653;1069
8654;858
8655;667
8656;1544
8657;680
8658;713
8659;739
8660;627
8661;838
8662;634
8663;673
8664;733
8665;660
8666;1227
8667;607
8668;363
8669;377
8670;396
8671;396
8672;653
8673;792
8674;1030
8675;1029
8676;1762
8677;2502
8678;1069
8679;1082
8680;3228
8681;1089
8682;765
8683;1578
8684;1201
8685;587
8686;502
8687;535
8688;818
8689;667
8690;462
8691;462
8692;462
8693;1452
8694;481
8695;627
8696;614
8697;720
8698;831
8699;2792
8700;2851
8701;2218
8702;871
8703;660
8704;647
8705;660
8706;1808
8707;924
8708;1083
8709;963
8710;852
8711;1122
8712;1016
8713;1643
8714;449
8715;489
8716;521
8717;488
8718;443
8719;521
8720;693
8721;1617
8722;1043
8723;845
8724;805
8725;1960
8726;1003
8727;871
8728;792
8729;1433
8730;1511
8731;1267
8732;1842
8733;1095
8734;1201
8735;1281
8736;1029
8737;568
8738;1003
8739;964
8740;495
8741;475
8742;469
8743;514
8744;515
8745;568
8746;633
8747;1710
8748;2191
8749;1201
8750;713
8751;3135
8752;1729
8753;759
8754;924
8755;2238
8756;1366
8757;1056
8758;1069
8759;1069
8760;1056
