Heure;Irr
1;0
2;0
3;0
4;0
5;0
6;0
7;0
8;0
9;0
10;10
11;87
12;191
13;160
14;161
15;487
16;337
17;206
18;66
19;0
20;0
21;0
22;0
23;0
24;0
25;0
26;0
27;0
28;0
29;0
30;0
31;0
32;0
33;0
34;90
35;258
36;414
37;412
38;452
39;459
40;397
41;224
42;45
43;0
44;0
45;0
46;0
47;0
48;0
49;0
50;0
51;0
52;0
53;0
54;0
55;0
56;0
57;0
58;66
59;175
60;299
61;340
62;321
63;477
64;358
65;221
66;58
67;0
68;0
69;0
70;0
71;0
72;0
73;0
74;0
75;0
76;0
77;0
78;0
79;0
80;0
81;0
82;95
83;255
84;399
85;472
86;512
87;434
88;406
89;225
90;95
91;0
92;0
93;0
94;0
95;0
96;0
97;0
98;0
99;0
100;0
101;0
102;0
103;0
104;0
105;0
106;95
107;232
108;415
109;401
110;431
111;401
112;300
113;163
114;27
115;0
116;0
117;0
118;0
119;0
120;0
121;0
122;0
123;0
124;0
125;0
126;0
127;0
128;0
129;0
130;58
131;255
132;333
133;362
134;243
135;331
136;191
137;84
138;20
139;0
140;0
141;0
142;0
143;0
144;0
145;0
146;0
147;0
148;0
149;0
150;0
151;0
152;0
153;0
154;82
155;149
156;263
157;117
158;224
159;255
160;227
161;155
162;52
163;0
164;0
165;0
166;0
167;0
168;0
169;0
170;0
171;0
172;0
173;0
174;0
175;0
176;0
177;0
178;94
179;223
180;396
181;488
182;514
183;439
184;390
185;237
186;94
187;0
188;0
189;0
190;0
191;0
192;0
193;0
194;0
195;0
196;0
197;0
198;0
199;0
200;0
201;0
202;65
203;197
204;406
205;433
206;499
207;414
208;320
209;210
210;94
211;0
212;0
213;0
214;0
215;0
216;0
217;0
218;0
219;0
220;0
221;0
222;0
223;0
224;0
225;0
226;34
227;148
228;214
229;252
230;52
231;246
232;318
233;160
234;83
235;0
236;0
237;0
238;0
239;0
240;0
241;0
242;0
243;0
244;0
245;0
246;0
247;0
248;0
249;0
250;75
251;196
252;329
253;433
254;446
255;390
256;335
257;195
258;49
259;0
260;0
261;0
262;0
263;0
264;0
265;0
266;0
267;0
268;0
269;0
270;0
271;0
272;0
273;0
274;80
275;228
276;334
277;223
278;246
279;205
280;146
281;169
282;41
283;0
284;0
285;0
286;0
287;0
288;0
289;0
290;0
291;0
292;0
293;0
294;0
295;0
296;0
297;0
298;24
299;198
300;336
301;325
302;207
303;196
304;224
305;128
306;70
307;0
308;0
309;0
310;0
311;0
312;0
313;0
314;0
315;0
316;0
317;0
318;0
319;0
320;0
321;0
322;47
323;165
324;266
325;437
326;426
327;422
328;380
329;223
330;53
331;0
332;0
333;0
334;0
335;0
336;0
337;0
338;0
339;0
340;0
341;0
342;0
343;0
344;0
345;0
346;5
347;90
348;151
349;175
350;411
351;281
352;228
353;133
354;70
355;0
356;0
357;0
358;0
359;0
360;0
361;0
362;0
363;0
364;0
365;0
366;0
367;0
368;0
369;0
370;46
371;109
372;113
373;150
374;163
375;217
376;169
377;182
378;60
379;0
380;0
381;0
382;0
383;0
384;0
385;0
386;0
387;0
388;0
389;0
390;0
391;0
392;0
393;0
394;58
395;84
396;122
397;438
398;435
399;348
400;315
401;217
402;46
403;0
404;0
405;0
406;0
407;0
408;0
409;0
410;0
411;0
412;0
413;0
414;0
415;0
416;0
417;0
418;96
419;254
420;305
421;359
422;367
423;378
424;302
425;200
426;38
427;0
428;0
429;0
430;0
431;0
432;0
433;0
434;0
435;0
436;0
437;0
438;0
439;0
440;0
441;0
442;47
443;144
444;247
445;419
446;460
447;338
448;178
449;179
450;72
451;0
452;0
453;0
454;0
455;0
456;0
457;0
458;0
459;0
460;0
461;0
462;0
463;0
464;0
465;0
466;21
467;67
468;158
469;253
470;319
471;313
472;347
473;170
474;11
475;0
476;0
477;0
478;0
479;0
480;0
481;0
482;0
483;0
484;0
485;0
486;0
487;0
488;0
489;0
490;80
491;256
492;424
493;517
494;528
495;517
496;424
497;282
498;62
499;0
500;0
501;0
502;0
503;0
504;0
505;0
506;0
507;0
508;0
509;0
510;0
511;0
512;0
513;0
514;87
515;289
516;432
517;525
518;510
519;477
520;426
521;272
522;62
523;0
524;0
525;0
526;0
527;0
528;0
529;0
530;0
531;0
532;0
533;0
534;0
535;0
536;0
537;0
538;22
539;134
540;207
541;253
542;257
543;355
544;122
545;152
546;57
547;0
548;0
549;0
550;0
551;0
552;0
553;0
554;0
555;0
556;0
557;0
558;0
559;0
560;0
561;0
562;47
563;162
564;259
565;324
566;311
567;337
568;354
569;254
570;108
571;0
572;0
573;0
574;0
575;0
576;0
577;0
578;0
579;0
580;0
581;0
582;0
583;0
584;0
585;0
586;85
587;223
588;273
589;197
590;141
591;68
592;83
593;282
594;109
595;0
596;0
597;0
598;0
599;0
600;0
601;0
602;0
603;0
604;0
605;0
606;0
607;0
608;0
609;0
610;67
611;171
612;247
613;260
614;276
615;367
616;263
617;188
618;20
619;0
620;0
621;0
622;0
623;0
624;0
625;0
626;0
627;0
628;0
629;0
630;0
631;0
632;0
633;0
634;96
635;160
636;257
637;298
638;221
639;92
640;240
641;158
642;44
643;0
644;0
645;0
646;0
647;0
648;0
649;0
650;0
651;0
652;0
653;0
654;0
655;0
656;0
657;0
658;89
659;154
660;262
661;316
662;303
663;302
664;250
665;165
666;65
667;0
668;0
669;0
670;0
671;0
672;0
673;0
674;0
675;0
676;0
677;0
678;0
679;0
680;0
681;0
682;120
683;218
684;384
685;384
686;387
687;383
688;319
689;240
690;125
691;0
692;0
693;0
694;0
695;0
696;0
697;0
698;0
699;0
700;0
701;0
702;0
703;0
704;0
705;0
706;155
707;335
708;390
709;482
710;532
711;435
712;391
713;264
714;91
715;0
716;0
717;0
718;0
719;0
720;0
721;0
722;0
723;0
724;0
725;0
726;0
727;0
728;0
729;0
730;132
731;239
732;297
733;329
734;318
735;205
736;94
737;187
738;170
739;0
740;0
741;0
742;0
743;0
744;0
745;0
746;0
747;0
748;0
749;0
750;0
751;0
752;0
753;0
754;91
755;180
756;163
757;308
758;354
759;492
760;383
761;121
762;94
763;0
764;0
765;0
766;0
767;0
768;0
769;0
770;0
771;0
772;0
773;0
774;0
775;0
776;0
777;0
778;156
779;334
780;402
781;473
782;535
783;490
784;395
785;297
786;93
787;0
788;0
789;0
790;0
791;0
792;0
793;0
794;0
795;0
796;0
797;0
798;0
799;0
800;0
801;7
802;58
803;171
804;406
805;339
806;444
807;389
808;350
809;192
810;98
811;9
812;0
813;0
814;0
815;0
816;0
817;0
818;0
819;0
820;0
821;0
822;0
823;0
824;0
825;17
826;149
827;330
828;464
829;613
830;651
831;569
832;471
833;323
834;149
835;17
836;0
837;0
838;0
839;0
840;0
841;0
842;0
843;0
844;0
845;0
846;0
847;0
848;0
849;16
850;144
851;268
852;363
853;521
854;545
855;610
856;394
857;360
858;111
859;18
860;0
861;0
862;0
863;0
864;0
865;0
866;0
867;0
868;0
869;0
870;0
871;0
872;0
873;3
874;9
875;16
876;59
877;55
878;97
879;83
880;60
881;21
882;4
883;1
884;0
885;0
886;0
887;0
888;0
889;0
890;0
891;0
892;0
893;0
894;0
895;0
896;0
897;13
898;134
899;271
900;460
901;546
902;523
903;542
904;461
905;374
906;143
907;23
908;0
909;0
910;0
911;0
912;0
913;0
914;0
915;0
916;0
917;0
918;0
919;0
920;0
921;1
922;28
923;57
924;170
925;105
926;229
927;146
928;125
929;140
930;31
931;5
932;0
933;0
934;0
935;0
936;0
937;0
938;0
939;0
940;0
941;0
942;0
943;0
944;0
945;10
946;2
947;151
948;383
949;516
950;543
951;482
952;226
953;140
954;106
955;8
956;0
957;0
958;0
959;0
960;0
961;0
962;0
963;0
964;0
965;0
966;0
967;0
968;0
969;1
970;42
971;211
972;254
973;370
974;379
975;423
976;384
977;255
978;98
979;25
980;0
981;0
982;0
983;0
984;0
985;0
986;0
987;0
988;0
989;0
990;0
991;0
992;0
993;22
994;183
995;288
996;395
997;432
998;304
999;242
1000;116
1001;43
1002;122
1003;17
1004;0
1005;0
1006;0
1007;0
1008;0
1009;0
1010;0
1011;0
1012;0
1013;0
1014;0
1015;0
1016;0
1017;23
1018;145
1019;279
1020;409
1021;601
1022;624
1023;621
1024;493
1025;349
1026;191
1027;32
1028;0
1029;0
1030;0
1031;0
1032;0
1033;0
1034;0
1035;0
1036;0
1037;0
1038;0
1039;0
1040;0
1041;32
1042;115
1043;337
1044;347
1045;358
1046;481
1047;353
1048;131
1049;96
1050;71
1051;21
1052;0
1053;0
1054;0
1055;0
1056;0
1057;0
1058;0
1059;0
1060;0
1061;0
1062;0
1063;0
1064;0
1065;4
1066;46
1067;281
1068;349
1069;511
1070;421
1071;375
1072;334
1073;165
1074;104
1075;10
1076;0
1077;0
1078;0
1079;0
1080;0
1081;0
1082;0
1083;0
1084;0
1085;0
1086;0
1087;0
1088;0
1089;16
1090;125
1091;147
1092;369
1093;471
1094;374
1095;361
1096;231
1097;210
1098;74
1099;18
1100;0
1101;0
1102;0
1103;0
1104;0
1105;0
1106;0
1107;0
1108;0
1109;0
1110;0
1111;0
1112;0
1113;31
1114;119
1115;253
1116;366
1117;489
1118;465
1119;486
1120;433
1121;345
1122;107
1123;22
1124;0
1125;0
1126;0
1127;0
1128;0
1129;0
1130;0
1131;0
1132;0
1133;0
1134;0
1135;0
1136;0
1137;15
1138;32
1139;216
1140;354
1141;320
1142;346
1143;130
1144;39
1145;28
1146;62
1147;17
1148;0
1149;0
1150;0
1151;0
1152;0
1153;0
1154;0
1155;0
1156;0
1157;0
1158;0
1159;0
1160;0
1161;23
1162;60
1163;156
1164;104
1165;218
1166;332
1167;292
1168;307
1169;317
1170;155
1171;40
1172;0
1173;0
1174;0
1175;0
1176;0
1177;0
1178;0
1179;0
1180;0
1181;0
1182;0
1183;0
1184;0
1185;30
1186;66
1187;170
1188;330
1189;381
1190;242
1191;190
1192;143
1193;95
1194;143
1195;24
1196;0
1197;0
1198;0
1199;0
1200;0
1201;0
1202;0
1203;0
1204;0
1205;0
1206;0
1207;0
1208;0
1209;16
1210;32
1211;238
1212;278
1213;217
1214;275
1215;372
1216;329
1217;204
1218;127
1219;34
1220;0
1221;0
1222;0
1223;0
1224;0
1225;0
1226;0
1227;0
1228;0
1229;0
1230;0
1231;0
1232;0
1233;27
1234;140
1235;135
1236;174
1237;169
1238;99
1239;431
1240;322
1241;120
1242;79
1243;24
1244;0
1245;0
1246;0
1247;0
1248;0
1249;0
1250;0
1251;0
1252;0
1253;0
1254;0
1255;0
1256;0
1257;24
1258;128
1259;76
1260;223
1261;193
1262;313
1263;297
1264;325
1265;95
1266;203
1267;58
1268;0
1269;0
1270;0
1271;0
1272;0
1273;0
1274;0
1275;0
1276;0
1277;0
1278;0
1279;0
1280;0
1281;65
1282;230
1283;254
1284;362
1285;367
1286;550
1287;330
1288;307
1289;213
1290;119
1291;42
1292;0
1293;0
1294;0
1295;0
1296;0
1297;0
1298;0
1299;0
1300;0
1301;0
1302;0
1303;0
1304;0
1305;34
1306;165
1307;351
1308;583
1309;629
1310;632
1311;569
1312;531
1313;450
1314;206
1315;48
1316;0
1317;0
1318;0
1319;0
1320;0
1321;0
1322;0
1323;0
1324;0
1325;0
1326;0
1327;0
1328;0
1329;48
1330;248
1331;465
1332;614
1333;677
1334;726
1335;686
1336;623
1337;450
1338;210
1339;32
1340;0
1341;0
1342;0
1343;0
1344;0
1345;0
1346;0
1347;0
1348;0
1349;0
1350;0
1351;0
1352;0
1353;37
1354;245
1355;427
1356;554
1357;665
1358;696
1359;650
1360;554
1361;468
1362;232
1363;69
1364;0
1365;0
1366;0
1367;0
1368;0
1369;0
1370;0
1371;0
1372;0
1373;0
1374;0
1375;0
1376;0
1377;66
1378;242
1379;442
1380;590
1381;617
1382;592
1383;483
1384;420
1385;249
1386;199
1387;49
1388;0
1389;0
1390;0
1391;0
1392;0
1393;0
1394;0
1395;0
1396;0
1397;0
1398;0
1399;0
1400;0
1401;72
1402;294
1403;503
1404;571
1405;632
1406;635
1407;636
1408;502
1409;403
1410;229
1411;55
1412;0
1413;0
1414;0
1415;0
1416;0
1417;0
1418;0
1419;0
1420;0
1421;0
1422;0
1423;0
1424;0
1425;79
1426;281
1427;391
1428;523
1429;617
1430;621
1431;622
1432;371
1433;328
1434;209
1435;56
1436;0
1437;0
1438;0
1439;0
1440;0
1441;0
1442;0
1443;0
1444;0
1445;0
1446;0
1447;0
1448;0
1449;63
1450;238
1451;435
1452;636
1453;732
1454;730
1455;601
1456;539
1457;375
1458;204
1459;37
1460;0
1461;0
1462;0
1463;0
1464;0
1465;0
1466;0
1467;0
1468;0
1469;0
1470;0
1471;0
1472;0
1473;84
1474;240
1475;428
1476;559
1477;689
1478;726
1479;715
1480;641
1481;466
1482;290
1483;99
1484;0
1485;0
1486;0
1487;0
1488;0
1489;0
1490;0
1491;0
1492;0
1493;0
1494;0
1495;0
1496;0
1497;76
1498;263
1499;416
1500;555
1501;658
1502;752
1503;692
1504;561
1505;403
1506;285
1507;92
1508;0
1509;0
1510;0
1511;0
1512;0
1513;0
1514;0
1515;0
1516;0
1517;0
1518;0
1519;0
1520;0
1521;75
1522;300
1523;448
1524;547
1525;691
1526;676
1527;664
1528;554
1529;445
1530;273
1531;60
1532;0
1533;0
1534;0
1535;0
1536;0
1537;0
1538;0
1539;0
1540;0
1541;0
1542;0
1543;0
1544;0
1545;87
1546;309
1547;514
1548;677
1549;765
1550;763
1551;726
1552;635
1553;521
1554;292
1555;47
1556;0
1557;0
1558;0
1559;0
1560;0
1561;0
1562;0
1563;0
1564;0
1565;0
1566;0
1567;0
1568;0
1569;65
1570;301
1571;506
1572;642
1573;741
1574;752
1575;737
1576;667
1577;518
1578;318
1579;112
1580;0
1581;0
1582;0
1583;0
1584;0
1585;0
1586;0
1587;0
1588;0
1589;0
1590;0
1591;0
1592;0
1593;97
1594;313
1595;442
1596;592
1597;624
1598;695
1599;642
1600;550
1601;417
1602;281
1603;95
1604;0
1605;0
1606;0
1607;0
1608;0
1609;0
1610;0
1611;0
1612;0
1613;0
1614;0
1615;0
1616;0
1617;39
1618;197
1619;196
1620;420
1621;398
1622;580
1623;608
1624;514
1625;348
1626;176
1627;25
1628;0
1629;0
1630;0
1631;0
1632;0
1633;0
1634;0
1635;0
1636;0
1637;0
1638;0
1639;0
1640;0
1641;103
1642;347
1643;443
1644;551
1645;508
1646;509
1647;476
1648;518
1649;273
1650;240
1651;71
1652;0
1653;0
1654;0
1655;0
1656;0
1657;0
1658;0
1659;0
1660;0
1661;0
1662;0
1663;0
1664;0
1665;122
1666;266
1667;421
1668;562
1669;481
1670;490
1671;507
1672;562
1673;346
1674;351
1675;104
1676;0
1677;0
1678;0
1679;0
1680;0
1681;0
1682;0
1683;0
1684;0
1685;0
1686;0
1687;0
1688;0
1689;107
1690;289
1691;490
1692;611
1693;724
1694;722
1695;641
1696;536
1697;493
1698;335
1699;122
1700;0
1701;0
1702;0
1703;0
1704;0
1705;0
1706;0
1707;0
1708;0
1709;0
1710;0
1711;0
1712;0
1713;116
1714;289
1715;495
1716;604
1717;716
1718;663
1719;560
1720;493
1721;361
1722;199
1723;67
1724;0
1725;0
1726;0
1727;0
1728;0
1729;0
1730;0
1731;0
1732;0
1733;0
1734;0
1735;0
1736;0
1737;106
1738;300
1739;489
1740;660
1741;757
1742;771
1743;788
1744;641
1745;494
1746;328
1747;129
1748;0
1749;0
1750;0
1751;0
1752;0
1753;0
1754;0
1755;0
1756;0
1757;0
1758;0
1759;0
1760;0
1761;119
1762;285
1763;395
1764;537
1765;601
1766;695
1767;707
1768;572
1769;405
1770;293
1771;131
1772;0
1773;0
1774;0
1775;0
1776;0
1777;0
1778;0
1779;0
1780;0
1781;0
1782;0
1783;0
1784;0
1785;119
1786;322
1787;509
1788;616
1789;678
1790;725
1791;683
1792;588
1793;413
1794;324
1795;126
1796;0
1797;0
1798;0
1799;0
1800;0
1801;0
1802;0
1803;0
1804;0
1805;0
1806;0
1807;0
1808;0
1809;41
1810;158
1811;92
1812;255
1813;161
1814;293
1815;551
1816;471
1817;332
1818;69
1819;22
1820;0
1821;0
1822;0
1823;0
1824;0
1825;0
1826;0
1827;0
1828;0
1829;0
1830;0
1831;0
1832;0
1833;24
1834;16
1835;162
1836;248
1837;234
1838;199
1839;213
1840;220
1841;85
1842;8
1843;65
1844;0
1845;0
1846;0
1847;0
1848;0
1849;0
1850;0
1851;0
1852;0
1853;0
1854;0
1855;0
1856;0
1857;147
1858;300
1859;481
1860;584
1861;722
1862;758
1863;721
1864;591
1865;472
1866;232
1867;96
1868;0
1869;0
1870;0
1871;0
1872;0
1873;0
1874;0
1875;0
1876;0
1877;0
1878;0
1879;0
1880;0
1881;131
1882;307
1883;442
1884;632
1885;658
1886;731
1887;718
1888;626
1889;542
1890;321
1891;147
1892;0
1893;0
1894;0
1895;0
1896;0
1897;0
1898;0
1899;0
1900;0
1901;0
1902;0
1903;0
1904;0
1905;124
1906;228
1907;441
1908;608
1909;605
1910;484
1911;595
1912;479
1913;412
1914;355
1915;149
1916;0
1917;0
1918;0
1919;0
1920;0
1921;0
1922;0
1923;0
1924;0
1925;0
1926;0
1927;0
1928;0
1929;158
1930;387
1931;592
1932;692
1933;657
1934;576
1935;491
1936;477
1937;415
1938;330
1939;135
1940;0
1941;0
1942;0
1943;0
1944;0
1945;0
1946;0
1947;0
1948;0
1949;0
1950;0
1951;0
1952;0
1953;145
1954;295
1955;503
1956;643
1957;699
1958;773
1959;742
1960;592
1961;440
1962;301
1963;168
1964;0
1965;0
1966;0
1967;0
1968;0
1969;0
1970;0
1971;0
1972;0
1973;0
1974;0
1975;0
1976;10
1977;115
1978;298
1979;365
1980;304
1981;384
1982;483
1983;540
1984;447
1985;299
1986;236
1987;95
1988;9
1989;0
1990;0
1991;0
1992;0
1993;0
1994;0
1995;0
1996;0
1997;0
1998;0
1999;0
2000;7
2001;77
2002;170
2003;501
2004;430
2005;564
2006;482
2007;416
2008;303
2009;300
2010;234
2011;118
2012;9
2013;0
2014;0
2015;0
2016;0
2017;0
2018;0
2019;0
2020;0
2021;0
2022;0
2023;0
2024;7
2025;66
2026;213
2027;170
2028;93
2029;18
2030;409
2031;410
2032;511
2033;395
2034;147
2035;90
2036;9
2037;0
2038;0
2039;0
2040;0
2041;0
2042;0
2043;0
2044;0
2045;0
2046;0
2047;0
2048;14
2049;105
2050;175
2051;208
2052;187
2053;608
2054;412
2055;327
2056;165
2057;186
2058;189
2059;167
2060;14
2061;0
2062;0
2063;0
2064;0
2065;0
2066;0
2067;0
2068;0
2069;0
2070;0
2071;0
2072;12
2073;213
2074;418
2075;644
2076;800
2077;891
2078;930
2079;902
2080;790
2081;647
2082;441
2083;193
2084;11
2085;0
2086;0
2087;0
2088;0
2089;0
2090;0
2091;0
2092;0
2093;0
2094;0
2095;0
2096;20
2097;196
2098;387
2099;597
2100;708
2101;839
2102;887
2103;835
2104;750
2105;628
2106;416
2107;228
2108;17
2109;0
2110;0
2111;0
2112;0
2113;0
2114;0
2115;0
2116;0
2117;0
2118;0
2119;0
2120;24
2121;157
2122;305
2123;620
2124;765
2125;747
2126;616
2127;677
2128;586
2129;374
2130;278
2131;154
2132;18
2133;0
2134;0
2135;0
2136;0
2137;0
2138;0
2139;0
2140;0
2141;0
2142;0
2143;0
2144;32
2145;210
2146;393
2147;577
2148;726
2149;830
2150;880
2151;813
2152;794
2153;615
2154;366
2155;166
2156;29
2157;0
2158;0
2159;0
2160;0
2161;0
2162;0
2163;0
2164;0
2165;0
2166;0
2167;0
2168;37
2169;230
2170;463
2171;627
2172;730
2173;822
2174;862
2175;827
2176;712
2177;588
2178;372
2179;216
2180;24
2181;0
2182;0
2183;0
2184;0
2185;0
2186;0
2187;0
2188;0
2189;0
2190;0
2191;0
2192;39
2193;246
2194;397
2195;523
2196;687
2197;777
2198;803
2199;823
2200;773
2201;645
2202;448
2203;181
2204;13
2205;0
2206;0
2207;0
2208;0
2209;0
2210;0
2211;0
2212;0
2213;0
2214;0
2215;0
2216;43
2217;260
2218;475
2219;625
2220;674
2221;748
2222;779
2223;752
2224;701
2225;550
2226;352
2227;153
2228;24
2229;0
2230;0
2231;0
2232;0
2233;0
2234;0
2235;0
2236;0
2237;0
2238;0
2239;0
2240;12
2241;55
2242;203
2243;320
2244;657
2245;613
2246;659
2247;581
2248;573
2249;384
2250;294
2251;144
2252;16
2253;0
2254;0
2255;0
2256;0
2257;0
2258;0
2259;0
2260;0
2261;0
2262;0
2263;0
2264;27
2265;120
2266;203
2267;295
2268;497
2269;608
2270;742
2271;759
2272;699
2273;708
2274;472
2275;198
2276;34
2277;0
2278;0
2279;0
2280;0
2281;0
2282;0
2283;0
2284;0
2285;0
2286;0
2287;0
2288;29
2289;151
2290;256
2291;456
2292;558
2293;625
2294;724
2295;766
2296;754
2297;482
2298;378
2299;252
2300;45
2301;0
2302;0
2303;0
2304;0
2305;0
2306;0
2307;0
2308;0
2309;0
2310;0
2311;0
2312;38
2313;170
2314;414
2315;505
2316;614
2317;648
2318;431
2319;476
2320;63
2321;80
2322;138
2323;217
2324;36
2325;0
2326;0
2327;0
2328;0
2329;0
2330;0
2331;0
2332;0
2333;0
2334;0
2335;0
2336;14
2337;218
2338;444
2339;645
2340;805
2341;907
2342;948
2343;932
2344;829
2345;662
2346;426
2347;251
2348;49
2349;0
2350;0
2351;0
2352;0
2353;0
2354;0
2355;0
2356;0
2357;0
2358;0
2359;0
2360;30
2361;152
2362;231
2363;246
2364;474
2365;501
2366;547
2367;428
2368;305
2369;405
2370;373
2371;205
2372;54
2373;0
2374;0
2375;0
2376;0
2377;0
2378;0
2379;0
2380;0
2381;0
2382;0
2383;0
2384;44
2385;200
2386;411
2387;260
2388;439
2389;672
2390;622
2391;485
2392;590
2393;463
2394;336
2395;178
2396;26
2397;0
2398;0
2399;0
2400;0
2401;0
2402;0
2403;0
2404;0
2405;0
2406;0
2407;0
2408;31
2409;181
2410;332
2411;562
2412;706
2413;682
2414;653
2415;785
2416;553
2417;328
2418;220
2419;252
2420;40
2421;0
2422;0
2423;0
2424;0
2425;0
2426;0
2427;0
2428;0
2429;0
2430;0
2431;0
2432;49
2433;267
2434;449
2435;549
2436;722
2437;757
2438;815
2439;774
2440;660
2441;617
2442;357
2443;203
2444;39
2445;0
2446;0
2447;0
2448;0
2449;0
2450;0
2451;0
2452;0
2453;0
2454;0
2455;0
2456;19
2457;239
2458;440
2459;563
2460;485
2461;661
2462;672
2463;639
2464;654
2465;399
2466;373
2467;246
2468;63
2469;0
2470;0
2471;0
2472;0
2473;0
2474;0
2475;0
2476;0
2477;0
2478;0
2479;0
2480;54
2481;196
2482;392
2483;581
2484;734
2485;818
2486;815
2487;794
2488;774
2489;606
2490;370
2491;233
2492;67
2493;0
2494;0
2495;0
2496;0
2497;0
2498;0
2499;0
2500;0
2501;0
2502;0
2503;0
2504;37
2505;147
2506;367
2507;294
2508;243
2509;422
2510;346
2511;43
2512;231
2513;235
2514;208
2515;50
2516;15
2517;0
2518;0
2519;0
2520;0
2521;0
2522;0
2523;0
2524;0
2525;0
2526;0
2527;0
2528;40
2529;221
2530;209
2531;333
2532;425
2533;678
2534;610
2535;620
2536;678
2537;524
2538;279
2539;206
2540;28
2541;0
2542;0
2543;0
2544;0
2545;0
2546;0
2547;0
2548;0
2549;0
2550;0
2551;0
2552;54
2553;188
2554;304
2555;602
2556;656
2557;757
2558;642
2559;661
2560;457
2561;378
2562;247
2563;93
2564;40
2565;0
2566;0
2567;0
2568;0
2569;0
2570;0
2571;0
2572;0
2573;0
2574;0
2575;0
2576;16
2577;139
2578;113
2579;181
2580;20
2581;154
2582;244
2583;291
2584;390
2585;152
2586;68
2587;48
2588;31
2589;0
2590;0
2591;0
2592;0
2593;0
2594;0
2595;0
2596;0
2597;0
2598;0
2599;0
2600;72
2601;221
2602;389
2603;625
2604;788
2605;837
2606;781
2607;617
2608;629
2609;532
2610;353
2611;192
2612;65
2613;0
2614;0
2615;0
2616;0
2617;0
2618;0
2619;0
2620;0
2621;0
2622;0
2623;0
2624;79
2625;254
2626;466
2627;563
2628;692
2629;780
2630;763
2631;731
2632;686
2633;633
2634;384
2635;246
2636;85
2637;0
2638;0
2639;0
2640;0
2641;0
2642;0
2643;0
2644;0
2645;0
2646;0
2647;0
2648;41
2649;247
2650;422
2651;427
2652;490
2653;768
2654;556
2655;286
2656;213
2657;254
2658;320
2659;303
2660;90
2661;0
2662;0
2663;0
2664;0
2665;0
2666;0
2667;0
2668;0
2669;0
2670;0
2671;0
2672;77
2673;230
2674;337
2675;456
2676;695
2677;546
2678;484
2679;241
2680;326
2681;242
2682;362
2683;184
2684;68
2685;0
2686;0
2687;0
2688;0
2689;0
2690;0
2691;0
2692;0
2693;0
2694;0
2695;0
2696;62
2697;156
2698;148
2699;244
2700;480
2701;568
2702;587
2703;516
2704;566
2705;282
2706;207
2707;111
2708;47
2709;0
2710;0
2711;0
2712;0
2713;0
2714;0
2715;0
2716;0
2717;0
2718;0
2719;0
2720;99
2721;182
2722;317
2723;463
2724;611
2725;627
2726;841
2727;698
2728;630
2729;492
2730;355
2731;233
2732;101
2733;0
2734;0
2735;0
2736;0
2737;0
2738;0
2739;0
2740;0
2741;0
2742;0
2743;0
2744;78
2745;245
2746;495
2747;675
2748;839
2749;934
2750;961
2751;916
2752;797
2753;640
2754;485
2755;294
2756;96
2757;0
2758;0
2759;0
2760;0
2761;0
2762;0
2763;0
2764;0
2765;0
2766;0
2767;0
2768;114
2769;329
2770;534
2771;687
2772;802
2773;866
2774;909
2775;818
2776;757
2777;690
2778;408
2779;181
2780;114
2781;0
2782;0
2783;0
2784;0
2785;0
2786;0
2787;0
2788;0
2789;0
2790;0
2791;0
2792;90
2793;235
2794;419
2795;578
2796;736
2797;852
2798;884
2799;846
2800;762
2801;594
2802;508
2803;290
2804;99
2805;0
2806;0
2807;0
2808;0
2809;0
2810;0
2811;0
2812;0
2813;0
2814;0
2815;0
2816;100
2817;216
2818;430
2819;478
2820;677
2821;647
2822;705
2823;630
2824;637
2825;515
2826;368
2827;158
2828;63
2829;0
2830;0
2831;0
2832;0
2833;0
2834;0
2835;0
2836;0
2837;0
2838;0
2839;0
2840;43
2841;90
2842;24
2843;272
2844;381
2845;529
2846;465
2847;476
2848;379
2849;377
2850;366
2851;231
2852;114
2853;0
2854;0
2855;0
2856;0
2857;0
2858;0
2859;0
2860;0
2861;0
2862;0
2863;0
2864;55
2865;139
2866;273
2867;260
2868;217
2869;614
2870;505
2871;127
2872;328
2873;317
2874;124
2875;82
2876;23
2877;0
2878;0
2879;0
2880;0
2881;0
2882;0
2883;0
2884;0
2885;0
2886;0
2887;0
2888;64
2889;267
2890;530
2891;755
2892;921
2893;1015
2894;1053
2895;1018
2896;932
2897;768
2898;570
2899;268
2900;105
2901;0
2902;0
2903;0
2904;0
2905;0
2906;0
2907;0
2908;0
2909;0
2910;0
2911;0
2912;137
2913;331
2914;551
2915;718
2916;883
2917;966
2918;1006
2919;969
2920;877
2921;738
2922;563
2923;340
2924;101
2925;0
2926;0
2927;0
2928;0
2929;0
2930;0
2931;0
2932;0
2933;0
2934;0
2935;0
2936;123
2937;301
2938;511
2939;657
2940;785
2941;880
2942;953
2943;813
2944;730
2945;587
2946;446
2947;278
2948;108
2949;0
2950;0
2951;0
2952;0
2953;0
2954;0
2955;0
2956;0
2957;0
2958;0
2959;0
2960;108
2961;248
2962;448
2963;412
2964;565
2965;673
2966;658
2967;663
2968;686
2969;747
2970;478
2971;236
2972;117
2973;0
2974;0
2975;0
2976;0
2977;0
2978;0
2979;0
2980;0
2981;0
2982;0
2983;0
2984;141
2985;347
2986;510
2987;625
2988;751
2989;881
2990;931
2991;890
2992;826
2993;710
2994;525
2995;343
2996;111
2997;0
2998;0
2999;0
3000;0
3001;0
3002;0
3003;0
3004;0
3005;0
3006;0
3007;0
3008;56
3009;182
3010;329
3011;536
3012;379
3013;528
3014;620
3015;444
3016;477
3017;292
3018;323
3019;195
3020;55
3021;0
3022;0
3023;0
3024;0
3025;0
3026;0
3027;0
3028;0
3029;0
3030;0
3031;0
3032;28
3033;114
3034;254
3035;398
3036;238
3037;186
3038;54
3039;439
3040;354
3041;355
3042;151
3043;166
3044;114
3045;0
3046;0
3047;0
3048;0
3049;0
3050;0
3051;0
3052;0
3053;0
3054;0
3055;0
3056;57
3057;152
3058;281
3059;198
3060;212
3061;246
3062;381
3063;255
3064;427
3065;253
3066;302
3067;102
3068;33
3069;0
3070;0
3071;0
3072;0
3073;0
3074;0
3075;0
3076;0
3077;0
3078;0
3079;0
3080;143
3081;299
3082;483
3083;685
3084;824
3085;909
3086;930
3087;907
3088;825
3089;704
3090;518
3091;306
3092;124
3093;0
3094;0
3095;0
3096;0
3097;0
3098;0
3099;0
3100;0
3101;0
3102;0
3103;0
3104;135
3105;356
3106;599
3107;691
3108;766
3109;870
3110;920
3111;846
3112;777
3113;650
3114;512
3115;221
3116;99
3117;0
3118;0
3119;0
3120;0
3121;0
3122;0
3123;0
3124;0
3125;0
3126;0
3127;0
3128;146
3129;317
3130;560
3131;725
3132;876
3133;979
3134;1006
3135;967
3136;880
3137;738
3138;538
3139;345
3140;139
3141;0
3142;0
3143;0
3144;0
3145;0
3146;0
3147;0
3148;0
3149;0
3150;0
3151;0
3152;138
3153;268
3154;435
3155;552
3156;674
3157;686
3158;818
3159;735
3160;599
3161;591
3162;331
3163;266
3164;98
3165;0
3166;0
3167;0
3168;0
3169;0
3170;0
3171;0
3172;0
3173;0
3174;0
3175;0
3176;16
3177;191
3178;311
3179;502
3180;479
3181;305
3182;164
3183;146
3184;299
3185;412
3186;272
3187;83
3188;54
3189;0
3190;0
3191;0
3192;0
3193;0
3194;0
3195;0
3196;0
3197;0
3198;0
3199;0
3200;69
3201;182
3202;181
3203;331
3204;570
3205;216
3206;260
3207;407
3208;369
3209;203
3210;34
3211;95
3212;67
3213;0
3214;0
3215;0
3216;0
3217;0
3218;0
3219;0
3220;0
3221;0
3222;0
3223;0
3224;124
3225;322
3226;502
3227;642
3228;690
3229;774
3230;791
3231;816
3232;606
3233;532
3234;457
3235;337
3236;128
3237;0
3238;0
3239;0
3240;0
3241;0
3242;0
3243;0
3244;0
3245;0
3246;0
3247;13
3248;101
3249;300
3250;495
3251;683
3252;813
3253;906
3254;922
3255;921
3256;827
3257;714
3258;548
3259;280
3260;107
3261;14
3262;0
3263;0
3264;0
3265;0
3266;0
3267;0
3268;0
3269;0
3270;0
3271;16
3272;152
3273;297
3274;530
3275;716
3276;870
3277;961
3278;990
3279;962
3280;878
3281;721
3282;523
3283;344
3284;97
3285;16
3286;0
3287;0
3288;0
3289;0
3290;0
3291;0
3292;0
3293;0
3294;0
3295;17
3296;154
3297;314
3298;454
3299;651
3300;821
3301;883
3302;948
3303;887
3304;802
3305;635
3306;521
3307;314
3308;122
3309;17
3310;0
3311;0
3312;0
3313;0
3314;0
3315;0
3316;0
3317;0
3318;0
3319;18
3320;128
3321;351
3322;453
3323;695
3324;768
3325;853
3326;846
3327;810
3328;699
3329;516
3330;449
3331;319
3332;158
3333;10
3334;0
3335;0
3336;0
3337;0
3338;0
3339;0
3340;0
3341;0
3342;0
3343;15
3344;140
3345;309
3346;517
3347;670
3348;796
3349;903
3350;934
3351;904
3352;822
3353;686
3354;553
3355;373
3356;120
3357;13
3358;0
3359;0
3360;0
3361;0
3362;0
3363;0
3364;0
3365;0
3366;0
3367;21
3368;169
3369;367
3370;553
3371;703
3372;851
3373;936
3374;960
3375;970
3376;855
3377;699
3378;535
3379;345
3380;89
3381;10
3382;0
3383;0
3384;0
3385;0
3386;0
3387;0
3388;0
3389;0
3390;0
3391;11
3392;91
3393;267
3394;507
3395;689
3396;833
3397;945
3398;961
3399;906
3400;840
3401;716
3402;530
3403;343
3404;156
3405;19
3406;0
3407;0
3408;0
3409;0
3410;0
3411;0
3412;0
3413;0
3414;0
3415;8
3416;80
3417;77
3418;215
3419;309
3420;199
3421;231
3422;283
3423;336
3424;365
3425;248
3426;210
3427;198
3428;140
3429;10
3430;0
3431;0
3432;0
3433;0
3434;0
3435;0
3436;0
3437;0
3438;0
3439;20
3440;120
3441;369
3442;566
3443;718
3444;803
3445;845
3446;881
3447;825
3448;732
3449;613
3450;540
3451;317
3452;146
3453;13
3454;0
3455;0
3456;0
3457;0
3458;0
3459;0
3460;0
3461;0
3462;0
3463;3
3464;70
3465;320
3466;313
3467;233
3468;535
3469;637
3470;869
3471;475
3472;275
3473;121
3474;22
3475;320
3476;131
3477;18
3478;0
3479;0
3480;0
3481;0
3482;0
3483;0
3484;0
3485;0
3486;0
3487;20
3488;157
3489;297
3490;582
3491;765
3492;907
3493;992
3494;1014
3495;988
3496;906
3497;764
3498;575
3499;324
3500;181
3501;26
3502;0
3503;0
3504;0
3505;0
3506;0
3507;0
3508;0
3509;0
3510;0
3511;20
3512;147
3513;352
3514;568
3515;741
3516;885
3517;983
3518;1006
3519;979
3520;906
3521;752
3522;578
3523;403
3524;143
3525;15
3526;0
3527;0
3528;0
3529;0
3530;0
3531;0
3532;0
3533;0
3534;0
3535;22
3536;152
3537;299
3538;565
3539;761
3540;892
3541;979
3542;1015
3543;977
3544;904
3545;794
3546;616
3547;422
3548;198
3549;26
3550;0
3551;0
3552;0
3553;0
3554;0
3555;0
3556;0
3557;0
3558;0
3559;10
3560;168
3561;170
3562;210
3563;303
3564;556
3565;649
3566;577
3567;229
3568;382
3569;131
3570;275
3571;240
3572;123
3573;12
3574;0
3575;0
3576;0
3577;0
3578;0
3579;0
3580;0
3581;0
3582;0
3583;8
3584;38
3585;189
3586;451
3587;504
3588;326
3589;350
3590;702
3591;662
3592;433
3593;404
3594;357
3595;218
3596;52
3597;11
3598;0
3599;0
3600;0
3601;0
3602;0
3603;0
3604;0
3605;0
3606;0
3607;23
3608;149
3609;378
3610;485
3611;671
3612;793
3613;912
3614;922
3615;874
3616;810
3617;643
3618;528
3619;303
3620;109
3621;24
3622;0
3623;0
3624;0
3625;0
3626;0
3627;0
3628;0
3629;0
3630;0
3631;30
3632;184
3633;339
3634;499
3635;589
3636;665
3637;762
3638;815
3639;738
3640;778
3641;657
3642;429
3643;373
3644;152
3645;25
3646;0
3647;0
3648;0
3649;0
3650;0
3651;0
3652;0
3653;0
3654;0
3655;30
3656;204
3657;444
3658;633
3659;787
3660;907
3661;996
3662;1010
3663;964
3664;890
3665;771
3666;578
3667;424
3668;204
3669;30
3670;0
3671;0
3672;0
3673;0
3674;0
3675;0
3676;0
3677;0
3678;0
3679;38
3680;138
3681;342
3682;574
3683;727
3684;850
3685;958
3686;1000
3687;967
3688;893
3689;764
3690;578
3691;401
3692;166
3693;35
3694;0
3695;0
3696;0
3697;0
3698;0
3699;0
3700;0
3701;0
3702;0
3703;36
3704;146
3705;363
3706;574
3707;774
3708;927
3709;1024
3710;1052
3711;1023
3712;920
3713;815
3714;630
3715;442
3716;202
3717;17
3718;0
3719;0
3720;0
3721;0
3722;0
3723;0
3724;0
3725;0
3726;0
3727;38
3728;142
3729;328
3730;527
3731;666
3732;771
3733;833
3734;868
3735;858
3736;784
3737;656
3738;562
3739;449
3740;165
3741;32
3742;0
3743;0
3744;0
3745;0
3746;0
3747;0
3748;0
3749;0
3750;0
3751;13
3752;85
3753;259
3754;487
3755;310
3756;499
3757;598
3758;590
3759;432
3760;446
3761;404
3762;198
3763;190
3764;78
3765;30
3766;0
3767;0
3768;0
3769;0
3770;0
3771;0
3772;0
3773;0
3774;0
3775;20
3776;192
3777;313
3778;542
3779;676
3780;756
3781;821
3782;871
3783;859
3784;809
3785;663
3786;482
3787;378
3788;158
3789;27
3790;0
3791;0
3792;0
3793;0
3794;0
3795;0
3796;0
3797;0
3798;0
3799;25
3800;162
3801;328
3802;545
3803;742
3804;912
3805;1011
3806;1055
3807;1033
3808;942
3809;802
3810;625
3811;397
3812;194
3813;38
3814;0
3815;0
3816;0
3817;0
3818;0
3819;0
3820;0
3821;0
3822;0
3823;15
3824;170
3825;400
3826;580
3827;734
3828;882
3829;956
3830;999
3831;979
3832;891
3833;766
3834;636
3835;423
3836;209
3837;34
3838;0
3839;0
3840;0
3841;0
3842;0
3843;0
3844;0
3845;0
3846;0
3847;19
3848;110
3849;316
3850;458
3851;555
3852;663
3853;792
3854;834
3855;858
3856;771
3857;586
3858;467
3859;419
3860;191
3861;40
3862;0
3863;0
3864;0
3865;0
3866;0
3867;0
3868;0
3869;0
3870;0
3871;24
3872;129
3873;285
3874;484
3875;582
3876;736
3877;879
3878;905
3879;826
3880;758
3881;694
3882;555
3883;316
3884;172
3885;31
3886;0
3887;0
3888;0
3889;0
3890;0
3891;0
3892;0
3893;0
3894;0
3895;33
3896;157
3897;328
3898;514
3899;596
3900;659
3901;760
3902;813
3903;789
3904;790
3905;736
3906;535
3907;327
3908;169
3909;17
3910;0
3911;0
3912;0
3913;0
3914;0
3915;0
3916;0
3917;0
3918;0
3919;35
3920;195
3921;328
3922;450
3923;549
3924;655
3925;803
3926;826
3927;859
3928;827
3929;686
3930;546
3931;322
3932;152
3933;29
3934;0
3935;0
3936;0
3937;0
3938;0
3939;0
3940;0
3941;0
3942;0
3943;27
3944;147
3945;316
3946;368
3947;591
3948;684
3949;744
3950;768
3951;761
3952;776
3953;630
3954;514
3955;337
3956;196
3957;31
3958;0
3959;0
3960;0
3961;0
3962;0
3963;0
3964;0
3965;0
3966;0
3967;32
3968;163
3969;350
3970;560
3971;627
3972;723
3973;809
3974;823
3975;727
3976;653
3977;657
3978;368
3979;233
3980;154
3981;30
3982;0
3983;0
3984;0
3985;0
3986;0
3987;0
3988;0
3989;0
3990;0
3991;27
3992;189
3993;297
3994;556
3995;541
3996;599
3997;641
3998;742
3999;820
4000;784
4001;532
4002;363
4003;269
4004;174
4005;21
4006;0
4007;0
4008;0
4009;0
4010;0
4011;0
4012;0
4013;0
4014;0
4015;13
4016;87
4017;199
4018;279
4019;467
4020;648
4021;687
4022;615
4023;841
4024;808
4025;691
4026;466
4027;312
4028;119
4029;14
4030;0
4031;0
4032;0
4033;0
4034;0
4035;0
4036;0
4037;0
4038;0
4039;39
4040;126
4041;325
4042;496
4043;642
4044;796
4045;868
4046;851
4047;896
4048;777
4049;691
4050;572
4051;369
4052;202
4053;27
4054;0
4055;0
4056;0
4057;0
4058;0
4059;0
4060;0
4061;0
4062;0
4063;37
4064;117
4065;245
4066;406
4067;727
4068;710
4069;686
4070;705
4071;635
4072;670
4073;372
4074;382
4075;220
4076;180
4077;34
4078;0
4079;0
4080;0
4081;0
4082;0
4083;0
4084;0
4085;0
4086;0
4087;32
4088;119
4089;305
4090;541
4091;728
4092;824
4093;951
4094;943
4095;900
4096;858
4097;712
4098;546
4099;379
4100;150
4101;17
4102;0
4103;0
4104;0
4105;0
4106;0
4107;0
4108;0
4109;0
4110;0
4111;23
4112;144
4113;205
4114;351
4115;591
4116;680
4117;814
4118;790
4119;781
4120;755
4121;585
4122;476
4123;248
4124;140
4125;20
4126;0
4127;0
4128;0
4129;0
4130;0
4131;0
4132;0
4133;0
4134;0
4135;40
4136;136
4137;232
4138;280
4139;299
4140;565
4141;800
4142;879
4143;813
4144;710
4145;512
4146;458
4147;306
4148;196
4149;32
4150;0
4151;0
4152;0
4153;0
4154;0
4155;0
4156;0
4157;0
4158;0
4159;31
4160;172
4161;347
4162;405
4163;602
4164;646
4165;828
4166;808
4167;791
4168;758
4169;578
4170;464
4171;299
4172;126
4173;13
4174;0
4175;0
4176;0
4177;0
4178;0
4179;0
4180;0
4181;0
4182;0
4183;16
4184;157
4185;212
4186;370
4187;493
4188;696
4189;707
4190;815
4191;776
4192;672
4193;682
4194;513
4195;380
4196;161
4197;27
4198;0
4199;0
4200;0
4201;0
4202;0
4203;0
4204;0
4205;0
4206;0
4207;23
4208;106
4209;356
4210;579
4211;747
4212;834
4213;874
4214;853
4215;889
4216;859
4217;680
4218;548
4219;292
4220;178
4221;21
4222;0
4223;0
4224;0
4225;0
4226;0
4227;0
4228;0
4229;0
4230;0
4231;34
4232;208
4233;423
4234;575
4235;741
4236;885
4237;945
4238;979
4239;930
4240;844
4241;769
4242;633
4243;339
4244;151
4245;27
4246;0
4247;0
4248;0
4249;0
4250;0
4251;0
4252;0
4253;0
4254;0
4255;41
4256;210
4257;418
4258;601
4259;713
4260;801
4261;899
4262;937
4263;905
4264;791
4265;679
4266;553
4267;359
4268;132
4269;35
4270;0
4271;0
4272;0
4273;0
4274;0
4275;0
4276;0
4277;0
4278;0
4279;22
4280;96
4281;333
4282;505
4283;700
4284;786
4285;868
4286;912
4287;883
4288;833
4289;654
4290;578
4291;363
4292;115
4293;40
4294;0
4295;0
4296;0
4297;0
4298;0
4299;0
4300;0
4301;0
4302;0
4303;9
4304;20
4305;55
4306;40
4307;62
4308;59
4309;118
4310;103
4311;119
4312;105
4313;136
4314;109
4315;56
4316;31
4317;1
4318;0
4319;0
4320;0
4321;0
4322;0
4323;0
4324;0
4325;0
4326;0
4327;22
4328;201
4329;339
4330;559
4331;756
4332;865
4333;951
4334;975
4335;972
4336;859
4337;776
4338;596
4339;356
4340;137
4341;2
4342;0
4343;0
4344;0
4345;0
4346;0
4347;0
4348;0
4349;0
4350;0
4351;39
4352;114
4353;233
4354;439
4355;592
4356;669
4357;753
4358;802
4359;805
4360;790
4361;686
4362;545
4363;403
4364;174
4365;48
4366;0
4367;0
4368;0
4369;0
4370;0
4371;0
4372;0
4373;0
4374;0
4375;17
4376;148
4377;371
4378;535
4379;708
4380;787
4381;887
4382;904
4383;884
4384;826
4385;700
4386;507
4387;363
4388;208
4389;39
4390;0
4391;0
4392;0
4393;0
4394;0
4395;0
4396;0
4397;0
4398;0
4399;42
4400;202
4401;397
4402;571
4403;738
4404;710
4405;755
4406;809
4407;754
4408;748
4409;656
4410;488
4411;390
4412;161
4413;25
4414;0
4415;0
4416;0
4417;0
4418;0
4419;0
4420;0
4421;0
4422;0
4423;27
4424;53
4425;236
4426;387
4427;505
4428;732
4429;709
4430;716
4431;764
4432;647
4433;547
4434;503
4435;306
4436;221
4437;39
4438;0
4439;0
4440;0
4441;0
4442;0
4443;0
4444;0
4445;0
4446;0
4447;39
4448;196
4449;360
4450;524
4451;678
4452;796
4453;877
4454;891
4455;872
4456;824
4457;688
4458;527
4459;416
4460;200
4461;24
4462;0
4463;0
4464;0
4465;0
4466;0
4467;0
4468;0
4469;0
4470;0
4471;32
4472;159
4473;269
4474;366
4475;627
4476;646
4477;700
4478;810
4479;604
4480;349
4481;391
4482;348
4483;210
4484;151
4485;17
4486;0
4487;0
4488;0
4489;0
4490;0
4491;0
4492;0
4493;0
4494;0
4495;27
4496;184
4497;408
4498;608
4499;798
4500;938
4501;1028
4502;1054
4503;1027
4504;944
4505;809
4506;628
4507;413
4508;202
4509;38
4510;0
4511;0
4512;0
4513;0
4514;0
4515;0
4516;0
4517;0
4518;0
4519;32
4520;175
4521;372
4522;568
4523;742
4524;864
4525;944
4526;987
4527;957
4528;882
4529;764
4530;590
4531;381
4532;207
4533;30
4534;0
4535;0
4536;0
4537;0
4538;0
4539;0
4540;0
4541;0
4542;0
4543;24
4544;120
4545;270
4546;362
4547;536
4548;668
4549;687
4550;780
4551;725
4552;679
4553;512
4554;477
4555;360
4556;110
4557;29
4558;0
4559;0
4560;0
4561;0
4562;0
4563;0
4564;0
4565;0
4566;0
4567;21
4568;199
4569;409
4570;613
4571;777
4572;913
4573;995
4574;1017
4575;968
4576;886
4577;768
4578;595
4579;361
4580;168
4581;24
4582;0
4583;0
4584;0
4585;0
4586;0
4587;0
4588;0
4589;0
4590;0
4591;22
4592;138
4593;287
4594;512
4595;710
4596;865
4597;950
4598;977
4599;944
4600;870
4601;731
4602;602
4603;406
4604;142
4605;21
4606;0
4607;0
4608;0
4609;0
4610;0
4611;0
4612;0
4613;0
4614;0
4615;32
4616;152
4617;321
4618;468
4619;621
4620;812
4621;890
4622;950
4623;891
4624;826
4625;731
4626;553
4627;345
4628;143
4629;13
4630;0
4631;0
4632;0
4633;0
4634;0
4635;0
4636;0
4637;0
4638;0
4639;19
4640;179
4641;389
4642;579
4643;759
4644;874
4645;950
4646;963
4647;927
4648;858
4649;754
4650;545
4651;396
4652;166
4653;23
4654;0
4655;0
4656;0
4657;0
4658;0
4659;0
4660;0
4661;0
4662;0
4663;30
4664;182
4665;385
4666;551
4667;708
4668;867
4669;952
4670;989
4671;947
4672;866
4673;743
4674;546
4675;357
4676;184
4677;30
4678;0
4679;0
4680;0
4681;0
4682;0
4683;0
4684;0
4685;0
4686;0
4687;5
4688;130
4689;396
4690;539
4691;694
4692;816
4693;901
4694;885
4695;886
4696;816
4697;712
4698;556
4699;333
4700;121
4701;22
4702;0
4703;0
4704;0
4705;0
4706;0
4707;0
4708;0
4709;0
4710;0
4711;16
4712;169
4713;391
4714;593
4715;759
4716;787
4717;807
4718;890
4719;798
4720;708
4721;635
4722;472
4723;325
4724;108
4725;17
4726;0
4727;0
4728;0
4729;0
4730;0
4731;0
4732;0
4733;0
4734;0
4735;24
4736;114
4737;303
4738;515
4739;638
4740;772
4741;872
4742;903
4743;881
4744;804
4745;682
4746;472
4747;323
4748;113
4749;23
4750;0
4751;0
4752;0
4753;0
4754;0
4755;0
4756;0
4757;0
4758;0
4759;10
4760;112
4761;252
4762;475
4763;655
4764;783
4765;851
4766;912
4767;879
4768;819
4769;664
4770;458
4771;336
4772;121
4773;20
4774;0
4775;0
4776;0
4777;0
4778;0
4779;0
4780;0
4781;0
4782;0
4783;15
4784;106
4785;250
4786;477
4787;642
4788;796
4789;913
4790;942
4791;875
4792;801
4793;668
4794;494
4795;380
4796;179
4797;15
4798;0
4799;0
4800;0
4801;0
4802;0
4803;0
4804;0
4805;0
4806;0
4807;25
4808;147
4809;361
4810;502
4811;683
4812;792
4813;888
4814;885
4815;881
4816;791
4817;645
4818;512
4819;368
4820;150
4821;24
4822;0
4823;0
4824;0
4825;0
4826;0
4827;0
4828;0
4829;0
4830;0
4831;20
4832;159
4833;279
4834;372
4835;600
4836;664
4837;664
4838;679
4839;756
4840;660
4841;570
4842;502
4843;279
4844;70
4845;5
4846;0
4847;0
4848;0
4849;0
4850;0
4851;0
4852;0
4853;0
4854;0
4855;15
4856;91
4857;170
4858;320
4859;367
4860;381
4861;462
4862;289
4863;360
4864;603
4865;534
4866;385
4867;213
4868;109
4869;17
4870;0
4871;0
4872;0
4873;0
4874;0
4875;0
4876;0
4877;0
4878;0
4879;11
4880;97
4881;289
4882;454
4883;563
4884;699
4885;800
4886;727
4887;764
4888;715
4889;698
4890;433
4891;331
4892;168
4893;16
4894;0
4895;0
4896;0
4897;0
4898;0
4899;0
4900;0
4901;0
4902;0
4903;8
4904;45
4905;124
4906;307
4907;391
4908;641
4909;637
4910;526
4911;634
4912;573
4913;633
4914;474
4915;258
4916;95
4917;9
4918;0
4919;0
4920;0
4921;0
4922;0
4923;0
4924;0
4925;0
4926;0
4927;12
4928;110
4929;252
4930;454
4931;543
4932;668
4933;703
4934;822
4935;830
4936;742
4937;566
4938;426
4939;234
4940;113
4941;14
4942;0
4943;0
4944;0
4945;0
4946;0
4947;0
4948;0
4949;0
4950;0
4951;14
4952;104
4953;315
4954;451
4955;594
4956;739
4957;818
4958;818
4959;834
4960;796
4961;671
4962;553
4963;347
4964;146
4965;9
4966;0
4967;0
4968;0
4969;0
4970;0
4971;0
4972;0
4973;0
4974;0
4975;11
4976;86
4977;200
4978;395
4979;788
4980;760
4981;751
4982;574
4983;624
4984;496
4985;315
4986;292
4987;123
4988;113
4989;9
4990;0
4991;0
4992;0
4993;0
4994;0
4995;0
4996;0
4997;0
4998;0
4999;9
5000;123
5001;307
5002;514
5003;682
5004;831
5005;865
5006;866
5007;869
5008;835
5009;655
5010;486
5011;316
5012;79
5013;12
5014;0
5015;0
5016;0
5017;0
5018;0
5019;0
5020;0
5021;0
5022;0
5023;9
5024;77
5025;254
5026;402
5027;557
5028;679
5029;698
5030;504
5031;523
5032;346
5033;495
5034;404
5035;274
5036;175
5037;15
5038;0
5039;0
5040;0
5041;0
5042;0
5043;0
5044;0
5045;0
5046;0
5047;0
5048;137
5049;354
5050;545
5051;736
5052;865
5053;922
5054;962
5055;923
5056;847
5057;739
5058;532
5059;348
5060;143
5061;0
5062;0
5063;0
5064;0
5065;0
5066;0
5067;0
5068;0
5069;0
5070;0
5071;0
5072;174
5073;394
5074;525
5075;655
5076;748
5077;856
5078;842
5079;852
5080;795
5081;671
5082;530
5083;352
5084;120
5085;0
5086;0
5087;0
5088;0
5089;0
5090;0
5091;0
5092;0
5093;0
5094;0
5095;0
5096;157
5097;366
5098;580
5099;755
5100;882
5101;962
5102;989
5103;950
5104;879
5105;764
5106;561
5107;355
5108;159
5109;0
5110;0
5111;0
5112;0
5113;0
5114;0
5115;0
5116;0
5117;0
5118;0
5119;0
5120;141
5121;375
5122;581
5123;771
5124;910
5125;1008
5126;1045
5127;1005
5128;915
5129;769
5130;589
5131;296
5132;159
5133;0
5134;0
5135;0
5136;0
5137;0
5138;0
5139;0
5140;0
5141;0
5142;0
5143;0
5144;117
5145;273
5146;487
5147;643
5148;772
5149;855
5150;901
5151;884
5152;827
5153;684
5154;450
5155;344
5156;175
5157;0
5158;0
5159;0
5160;0
5161;0
5162;0
5163;0
5164;0
5165;0
5166;0
5167;0
5168;135
5169;342
5170;529
5171;699
5172;815
5173;920
5174;935
5175;914
5176;817
5177;710
5178;564
5179;306
5180;103
5181;0
5182;0
5183;0
5184;0
5185;0
5186;0
5187;0
5188;0
5189;0
5190;0
5191;0
5192;106
5193;304
5194;534
5195;727
5196;876
5197;982
5198;1001
5199;957
5200;859
5201;748
5202;535
5203;318
5204;144
5205;0
5206;0
5207;0
5208;0
5209;0
5210;0
5211;0
5212;0
5213;0
5214;0
5215;0
5216;118
5217;272
5218;440
5219;604
5220;753
5221;844
5222;887
5223;869
5224;776
5225;635
5226;442
5227;342
5228;146
5229;0
5230;0
5231;0
5232;0
5233;0
5234;0
5235;0
5236;0
5237;0
5238;0
5239;0
5240;86
5241;225
5242;416
5243;549
5244;725
5245;809
5246;810
5247;818
5248;753
5249;653
5250;456
5251;314
5252;116
5253;0
5254;0
5255;0
5256;0
5257;0
5258;0
5259;0
5260;0
5261;0
5262;0
5263;0
5264;92
5265;220
5266;348
5267;540
5268;607
5269;640
5270;707
5271;735
5272;593
5273;505
5274;474
5275;295
5276;86
5277;0
5278;0
5279;0
5280;0
5281;0
5282;0
5283;0
5284;0
5285;0
5286;0
5287;0
5288;137
5289;318
5290;549
5291;738
5292;872
5293;972
5294;1015
5295;985
5296;887
5297;723
5298;511
5299;345
5300;127
5301;0
5302;0
5303;0
5304;0
5305;0
5306;0
5307;0
5308;0
5309;0
5310;0
5311;0
5312;90
5313;287
5314;523
5315;719
5316;819
5317;877
5318;894
5319;901
5320;794
5321;679
5322;520
5323;344
5324;113
5325;0
5326;0
5327;0
5328;0
5329;0
5330;0
5331;0
5332;0
5333;0
5334;0
5335;0
5336;102
5337;312
5338;525
5339;621
5340;763
5341;833
5342;856
5343;842
5344;750
5345;618
5346;461
5347;315
5348;55
5349;0
5350;0
5351;0
5352;0
5353;0
5354;0
5355;0
5356;0
5357;0
5358;0
5359;0
5360;63
5361;192
5362;459
5363;605
5364;676
5365;743
5366;805
5367;699
5368;546
5369;542
5370;396
5371;184
5372;86
5373;0
5374;0
5375;0
5376;0
5377;0
5378;0
5379;0
5380;0
5381;0
5382;0
5383;0
5384;68
5385;192
5386;222
5387;292
5388;497
5389;716
5390;386
5391;680
5392;359
5393;245
5394;229
5395;175
5396;30
5397;0
5398;0
5399;0
5400;0
5401;0
5402;0
5403;0
5404;0
5405;0
5406;0
5407;0
5408;51
5409;190
5410;393
5411;612
5412;804
5413;693
5414;801
5415;697
5416;531
5417;476
5418;366
5419;274
5420;120
5421;0
5422;0
5423;0
5424;0
5425;0
5426;0
5427;0
5428;0
5429;0
5430;0
5431;0
5432;109
5433;311
5434;514
5435;694
5436;781
5437;895
5438;918
5439;858
5440;749
5441;617
5442;400
5443;255
5444;71
5445;0
5446;0
5447;0
5448;0
5449;0
5450;0
5451;0
5452;0
5453;0
5454;0
5455;0
5456;100
5457;304
5458;508
5459;681
5460;824
5461;879
5462;907
5463;856
5464;774
5465;664
5466;481
5467;282
5468;70
5469;0
5470;0
5471;0
5472;0
5473;0
5474;0
5475;0
5476;0
5477;0
5478;0
5479;0
5480;7
5481;28
5482;125
5483;160
5484;288
5485;229
5486;209
5487;165
5488;106
5489;32
5490;6
5491;4
5492;3
5493;0
5494;0
5495;0
5496;0
5497;0
5498;0
5499;0
5500;0
5501;0
5502;0
5503;0
5504;66
5505;208
5506;365
5507;585
5508;721
5509;831
5510;803
5511;852
5512;750
5513;587
5514;440
5515;200
5516;79
5517;0
5518;0
5519;0
5520;0
5521;0
5522;0
5523;0
5524;0
5525;0
5526;0
5527;0
5528;94
5529;248
5530;457
5531;580
5532;700
5533;731
5534;692
5535;708
5536;633
5537;545
5538;424
5539;271
5540;73
5541;0
5542;0
5543;0
5544;0
5545;0
5546;0
5547;0
5548;0
5549;0
5550;0
5551;0
5552;81
5553;267
5554;481
5555;680
5556;830
5557;911
5558;926
5559;909
5560;808
5561;682
5562;425
5563;239
5564;96
5565;0
5566;0
5567;0
5568;0
5569;0
5570;0
5571;0
5572;0
5573;0
5574;0
5575;0
5576;77
5577;252
5578;472
5579;655
5580;792
5581;889
5582;953
5583;921
5584;838
5585;685
5586;513
5587;296
5588;76
5589;0
5590;0
5591;0
5592;0
5593;0
5594;0
5595;0
5596;0
5597;0
5598;0
5599;0
5600;71
5601;274
5602;489
5603;667
5604;805
5605;924
5606;973
5607;927
5608;822
5609;687
5610;483
5611;248
5612;92
5613;0
5614;0
5615;0
5616;0
5617;0
5618;0
5619;0
5620;0
5621;0
5622;0
5623;0
5624;39
5625;119
5626;364
5627;565
5628;693
5629;816
5630;846
5631;826
5632;772
5633;598
5634;452
5635;290
5636;78
5637;0
5638;0
5639;0
5640;0
5641;0
5642;0
5643;0
5644;0
5645;0
5646;0
5647;0
5648;56
5649;248
5650;416
5651;608
5652;705
5653;765
5654;739
5655;706
5656;772
5657;525
5658;329
5659;197
5660;74
5661;0
5662;0
5663;0
5664;0
5665;0
5666;0
5667;0
5668;0
5669;0
5670;0
5671;0
5672;68
5673;280
5674;446
5675;526
5676;674
5677;773
5678;781
5679;773
5680;737
5681;566
5682;374
5683;255
5684;47
5685;0
5686;0
5687;0
5688;0
5689;0
5690;0
5691;0
5692;0
5693;0
5694;0
5695;0
5696;85
5697;295
5698;488
5699;655
5700;810
5701;905
5702;948
5703;892
5704;799
5705;649
5706;497
5707;284
5708;61
5709;0
5710;0
5711;0
5712;0
5713;0
5714;0
5715;0
5716;0
5717;0
5718;0
5719;0
5720;39
5721;118
5722;307
5723;446
5724;569
5725;556
5726;553
5727;636
5728;513
5729;394
5730;385
5731;267
5732;74
5733;0
5734;0
5735;0
5736;0
5737;0
5738;0
5739;0
5740;0
5741;0
5742;0
5743;0
5744;45
5745;199
5746;397
5747;573
5748;679
5749;698
5750;742
5751;720
5752;604
5753;479
5754;379
5755;183
5756;1
5757;0
5758;0
5759;0
5760;0
5761;0
5762;0
5763;0
5764;0
5765;0
5766;0
5767;0
5768;82
5769;283
5770;475
5771;584
5772;753
5773;882
5774;867
5775;833
5776;740
5777;621
5778;457
5779;247
5780;80
5781;0
5782;0
5783;0
5784;0
5785;0
5786;0
5787;0
5788;0
5789;0
5790;0
5791;0
5792;24
5793;156
5794;394
5795;607
5796;779
5797;875
5798;927
5799;900
5800;821
5801;680
5802;522
5803;271
5804;78
5805;0
5806;0
5807;0
5808;0
5809;0
5810;0
5811;0
5812;0
5813;0
5814;0
5815;0
5816;33
5817;222
5818;470
5819;687
5820;843
5821;937
5822;969
5823;949
5824;852
5825;676
5826;509
5827;268
5828;53
5829;0
5830;0
5831;0
5832;0
5833;0
5834;0
5835;0
5836;0
5837;0
5838;0
5839;0
5840;30
5841;205
5842;457
5843;637
5844;817
5845;924
5846;952
5847;921
5848;827
5849;701
5850;521
5851;263
5852;59
5853;0
5854;0
5855;0
5856;0
5857;0
5858;0
5859;0
5860;0
5861;0
5862;0
5863;0
5864;38
5865;209
5866;287
5867;291
5868;517
5869;604
5870;665
5871;624
5872;528
5873;316
5874;160
5875;139
5876;75
5877;0
5878;0
5879;0
5880;0
5881;0
5882;0
5883;0
5884;0
5885;0
5886;0
5887;0
5888;31
5889;239
5890;497
5891;677
5892;821
5893;931
5894;957
5895;935
5896;848
5897;682
5898;487
5899;234
5900;22
5901;0
5902;0
5903;0
5904;0
5905;0
5906;0
5907;0
5908;0
5909;0
5910;0
5911;0
5912;38
5913;191
5914;419
5915;638
5916;822
5917;926
5918;959
5919;933
5920;838
5921;681
5922;465
5923;222
5924;23
5925;0
5926;0
5927;0
5928;0
5929;0
5930;0
5931;0
5932;0
5933;0
5934;0
5935;0
5936;57
5937;229
5938;403
5939;566
5940;722
5941;802
5942;796
5943;780
5944;744
5945;537
5946;369
5947;229
5948;30
5949;0
5950;0
5951;0
5952;0
5953;0
5954;0
5955;0
5956;0
5957;0
5958;0
5959;0
5960;44
5961;256
5962;470
5963;603
5964;769
5965;861
5966;881
5967;870
5968;784
5969;585
5970;482
5971;205
5972;17
5973;0
5974;0
5975;0
5976;0
5977;0
5978;0
5979;0
5980;0
5981;0
5982;0
5983;0
5984;36
5985;199
5986;397
5987;578
5988;720
5989;792
5990;836
5991;835
5992;739
5993;576
5994;420
5995;249
5996;42
5997;0
5998;0
5999;0
6000;0
6001;0
6002;0
6003;0
6004;0
6005;0
6006;0
6007;0
6008;29
6009;218
6010;289
6011;424
6012;490
6013;539
6014;562
6015;405
6016;439
6017;442
6018;229
6019;127
6020;23
6021;0
6022;0
6023;0
6024;0
6025;0
6026;0
6027;0
6028;0
6029;0
6030;0
6031;0
6032;36
6033;212
6034;399
6035;570
6036;689
6037;696
6038;797
6039;757
6040;698
6041;573
6042;402
6043;220
6044;15
6045;0
6046;0
6047;0
6048;0
6049;0
6050;0
6051;0
6052;0
6053;0
6054;0
6055;0
6056;39
6057;196
6058;395
6059;557
6060;715
6061;803
6062;823
6063;777
6064;713
6065;594
6066;432
6067;216
6068;39
6069;0
6070;0
6071;0
6072;0
6073;0
6074;0
6075;0
6076;0
6077;0
6078;0
6079;0
6080;23
6081;226
6082;377
6083;438
6084;583
6085;674
6086;722
6087;687
6088;654
6089;493
6090;398
6091;200
6092;23
6093;0
6094;0
6095;0
6096;0
6097;0
6098;0
6099;0
6100;0
6101;0
6102;0
6103;0
6104;25
6105;88
6106;264
6107;405
6108;592
6109;710
6110;756
6111;825
6112;531
6113;390
6114;287
6115;95
6116;2
6117;0
6118;0
6119;0
6120;0
6121;0
6122;0
6123;0
6124;0
6125;0
6126;0
6127;0
6128;30
6129;195
6130;408
6131;511
6132;652
6133;725
6134;555
6135;470
6136;469
6137;434
6138;243
6139;148
6140;28
6141;0
6142;0
6143;0
6144;0
6145;0
6146;0
6147;0
6148;0
6149;0
6150;0
6151;0
6152;22
6153;205
6154;424
6155;532
6156;632
6157;631
6158;669
6159;632
6160;500
6161;540
6162;345
6163;144
6164;26
6165;0
6166;0
6167;0
6168;0
6169;0
6170;0
6171;0
6172;0
6173;0
6174;0
6175;0
6176;8
6177;158
6178;371
6179;559
6180;671
6181;736
6182;769
6183;703
6184;682
6185;597
6186;351
6187;198
6188;14
6189;0
6190;0
6191;0
6192;0
6193;0
6194;0
6195;0
6196;0
6197;0
6198;0
6199;0
6200;5
6201;48
6202;156
6203;291
6204;217
6205;481
6206;431
6207;469
6208;253
6209;17
6210;32
6211;10
6212;6
6213;0
6214;0
6215;0
6216;0
6217;0
6218;0
6219;0
6220;0
6221;0
6222;0
6223;0
6224;19
6225;160
6226;318
6227;542
6228;744
6229;796
6230;788
6231;707
6232;622
6233;462
6234;299
6235;164
6236;21
6237;0
6238;0
6239;0
6240;0
6241;0
6242;0
6243;0
6244;0
6245;0
6246;0
6247;0
6248;17
6249;182
6250;331
6251;490
6252;618
6253;684
6254;762
6255;751
6256;637
6257;519
6258;330
6259;134
6260;12
6261;0
6262;0
6263;0
6264;0
6265;0
6266;0
6267;0
6268;0
6269;0
6270;0
6271;0
6272;13
6273;98
6274;110
6275;156
6276;314
6277;384
6278;364
6279;400
6280;159
6281;107
6282;62
6283;145
6284;17
6285;0
6286;0
6287;0
6288;0
6289;0
6290;0
6291;0
6292;0
6293;0
6294;0
6295;0
6296;11
6297;86
6298;243
6299;46
6300;324
6301;603
6302;596
6303;488
6304;342
6305;275
6306;133
6307;99
6308;11
6309;0
6310;0
6311;0
6312;0
6313;0
6314;0
6315;0
6316;0
6317;0
6318;0
6319;0
6320;12
6321;121
6322;308
6323;360
6324;538
6325;657
6326;664
6327;671
6328;577
6329;498
6330;380
6331;177
6332;15
6333;0
6334;0
6335;0
6336;0
6337;0
6338;0
6339;0
6340;0
6341;0
6342;0
6343;0
6344;0
6345;170
6346;382
6347;539
6348;696
6349;806
6350;855
6351;823
6352;705
6353;532
6354;316
6355;170
6356;0
6357;0
6358;0
6359;0
6360;0
6361;0
6362;0
6363;0
6364;0
6365;0
6366;0
6367;0
6368;0
6369;117
6370;347
6371;534
6372;608
6373;713
6374;780
6375;751
6376;652
6377;486
6378;272
6379;118
6380;0
6381;0
6382;0
6383;0
6384;0
6385;0
6386;0
6387;0
6388;0
6389;0
6390;0
6391;0
6392;0
6393;171
6394;185
6395;262
6396;215
6397;219
6398;510
6399;700
6400;371
6401;382
6402;179
6403;66
6404;0
6405;0
6406;0
6407;0
6408;0
6409;0
6410;0
6411;0
6412;0
6413;0
6414;0
6415;0
6416;0
6417;44
6418;57
6419;234
6420;355
6421;413
6422;393
6423;284
6424;425
6425;600
6426;326
6427;123
6428;0
6429;0
6430;0
6431;0
6432;0
6433;0
6434;0
6435;0
6436;0
6437;0
6438;0
6439;0
6440;0
6441;121
6442;378
6443;562
6444;687
6445;759
6446;772
6447;747
6448;684
6449;527
6450;348
6451;153
6452;0
6453;0
6454;0
6455;0
6456;0
6457;0
6458;0
6459;0
6460;0
6461;0
6462;0
6463;0
6464;0
6465;88
6466;267
6467;472
6468;573
6469;699
6470;747
6471;665
6472;605
6473;448
6474;235
6475;151
6476;0
6477;0
6478;0
6479;0
6480;0
6481;0
6482;0
6483;0
6484;0
6485;0
6486;0
6487;0
6488;0
6489;85
6490;280
6491;461
6492;632
6493;730
6494;735
6495;715
6496;649
6497;492
6498;299
6499;162
6500;0
6501;0
6502;0
6503;0
6504;0
6505;0
6506;0
6507;0
6508;0
6509;0
6510;0
6511;0
6512;0
6513;116
6514;262
6515;512
6516;677
6517;795
6518;847
6519;821
6520;739
6521;541
6522;344
6523;145
6524;0
6525;0
6526;0
6527;0
6528;0
6529;0
6530;0
6531;0
6532;0
6533;0
6534;0
6535;0
6536;0
6537;100
6538;306
6539;547
6540;701
6541;805
6542;854
6543;824
6544;696
6545;514
6546;363
6547;105
6548;0
6549;0
6550;0
6551;0
6552;0
6553;0
6554;0
6555;0
6556;0
6557;0
6558;0
6559;0
6560;0
6561;52
6562;223
6563;401
6564;518
6565;587
6566;596
6567;594
6568;534
6569;378
6570;368
6571;123
6572;0
6573;0
6574;0
6575;0
6576;0
6577;0
6578;0
6579;0
6580;0
6581;0
6582;0
6583;0
6584;0
6585;150
6586;326
6587;546
6588;701
6589;786
6590;784
6591;781
6592;701
6593;503
6594;341
6595;107
6596;0
6597;0
6598;0
6599;0
6600;0
6601;0
6602;0
6603;0
6604;0
6605;0
6606;0
6607;0
6608;0
6609;108
6610;339
6611;537
6612;666
6613;752
6614;778
6615;778
6616;639
6617;502
6618;314
6619;95
6620;0
6621;0
6622;0
6623;0
6624;0
6625;0
6626;0
6627;0
6628;0
6629;0
6630;0
6631;0
6632;0
6633;120
6634;307
6635;526
6636;701
6637;779
6638;829
6639;816
6640;719
6641;553
6642;355
6643;134
6644;0
6645;0
6646;0
6647;0
6648;0
6649;0
6650;0
6651;0
6652;0
6653;0
6654;0
6655;0
6656;0
6657;110
6658;310
6659;449
6660;587
6661;685
6662;703
6663;670
6664;576
6665;463
6666;312
6667;130
6668;0
6669;0
6670;0
6671;0
6672;0
6673;0
6674;0
6675;0
6676;0
6677;0
6678;0
6679;0
6680;0
6681;13
6682;111
6683;99
6684;151
6685;308
6686;267
6687;566
6688;575
6689;410
6690;152
6691;78
6692;0
6693;0
6694;0
6695;0
6696;0
6697;0
6698;0
6699;0
6700;0
6701;0
6702;0
6703;0
6704;0
6705;116
6706;327
6707;499
6708;627
6709;725
6710;754
6711;724
6712;651
6713;476
6714;296
6715;58
6716;0
6717;0
6718;0
6719;0
6720;0
6721;0
6722;0
6723;0
6724;0
6725;0
6726;0
6727;0
6728;0
6729;89
6730;266
6731;433
6732;597
6733;688
6734;734
6735;720
6736;674
6737;491
6738;222
6739;95
6740;0
6741;0
6742;0
6743;0
6744;0
6745;0
6746;0
6747;0
6748;0
6749;0
6750;0
6751;0
6752;0
6753;88
6754;284
6755;454
6756;627
6757;762
6758;767
6759;721
6760;651
6761;495
6762;303
6763;98
6764;0
6765;0
6766;0
6767;0
6768;0
6769;0
6770;0
6771;0
6772;0
6773;0
6774;0
6775;0
6776;0
6777;66
6778;294
6779;496
6780;642
6781;729
6782;775
6783;728
6784;644
6785;481
6786;300
6787;97
6788;0
6789;0
6790;0
6791;0
6792;0
6793;0
6794;0
6795;0
6796;0
6797;0
6798;0
6799;0
6800;0
6801;11
6802;159
6803;221
6804;246
6805;394
6806;545
6807;511
6808;490
6809;270
6810;163
6811;49
6812;0
6813;0
6814;0
6815;0
6816;0
6817;0
6818;0
6819;0
6820;0
6821;0
6822;0
6823;0
6824;0
6825;67
6826;94
6827;136
6828;205
6829;388
6830;492
6831;410
6832;97
6833;107
6834;107
6835;4
6836;0
6837;0
6838;0
6839;0
6840;0
6841;0
6842;0
6843;0
6844;0
6845;0
6846;0
6847;0
6848;0
6849;75
6850;251
6851;370
6852;544
6853;679
6854;675
6855;599
6856;544
6857;412
6858;272
6859;66
6860;0
6861;0
6862;0
6863;0
6864;0
6865;0
6866;0
6867;0
6868;0
6869;0
6870;0
6871;0
6872;0
6873;71
6874;234
6875;419
6876;429
6877;588
6878;630
6879;489
6880;516
6881;374
6882;242
6883;49
6884;0
6885;0
6886;0
6887;0
6888;0
6889;0
6890;0
6891;0
6892;0
6893;0
6894;0
6895;0
6896;0
6897;25
6898;51
6899;156
6900;252
6901;438
6902;640
6903;495
6904;313
6905;76
6906;74
6907;23
6908;0
6909;0
6910;0
6911;0
6912;0
6913;0
6914;0
6915;0
6916;0
6917;0
6918;0
6919;0
6920;0
6921;67
6922;156
6923;249
6924;423
6925;429
6926;505
6927;570
6928;541
6929;313
6930;242
6931;63
6932;0
6933;0
6934;0
6935;0
6936;0
6937;0
6938;0
6939;0
6940;0
6941;0
6942;0
6943;0
6944;0
6945;46
6946;111
6947;243
6948;298
6949;333
6950;494
6951;521
6952;548
6953;397
6954;216
6955;62
6956;0
6957;0
6958;0
6959;0
6960;0
6961;0
6962;0
6963;0
6964;0
6965;0
6966;0
6967;0
6968;0
6969;41
6970;127
6971;241
6972;393
6973;293
6974;402
6975;394
6976;200
6977;167
6978;160
6979;31
6980;0
6981;0
6982;0
6983;0
6984;0
6985;0
6986;0
6987;0
6988;0
6989;0
6990;0
6991;0
6992;0
6993;45
6994;89
6995;90
6996;217
6997;541
6998;594
6999;390
7000;335
7001;53
7002;41
7003;16
7004;0
7005;0
7006;0
7007;0
7008;0
7009;0
7010;0
7011;0
7012;0
7013;0
7014;0
7015;0
7016;0
7017;40
7018;173
7019;355
7020;472
7021;636
7022;666
7023;604
7024;476
7025;414
7026;239
7027;56
7028;0
7029;0
7030;0
7031;0
7032;0
7033;0
7034;0
7035;0
7036;0
7037;0
7038;0
7039;0
7040;0
7041;36
7042;85
7043;208
7044;414
7045;485
7046;567
7047;460
7048;425
7049;302
7050;130
7051;37
7052;0
7053;0
7054;0
7055;0
7056;0
7057;0
7058;0
7059;0
7060;0
7061;0
7062;0
7063;0
7064;0
7065;41
7066;213
7067;302
7068;404
7069;578
7070;495
7071;512
7072;396
7073;349
7074;154
7075;36
7076;0
7077;0
7078;0
7079;0
7080;0
7081;0
7082;0
7083;0
7084;0
7085;0
7086;0
7087;0
7088;0
7089;31
7090;201
7091;401
7092;543
7093;673
7094;707
7095;606
7096;503
7097;413
7098;234
7099;43
7100;0
7101;0
7102;0
7103;0
7104;0
7105;0
7106;0
7107;0
7108;0
7109;0
7110;0
7111;0
7112;0
7113;34
7114;189
7115;422
7116;546
7117;596
7118;682
7119;673
7120;575
7121;368
7122;218
7123;51
7124;0
7125;0
7126;0
7127;0
7128;0
7129;0
7130;0
7131;0
7132;0
7133;0
7134;0
7135;0
7136;0
7137;35
7138;205
7139;339
7140;390
7141;619
7142;531
7143;594
7144;460
7145;348
7146;167
7147;43
7148;0
7149;0
7150;0
7151;0
7152;0
7153;0
7154;0
7155;0
7156;0
7157;0
7158;0
7159;0
7160;0
7161;28
7162;169
7163;309
7164;433
7165;575
7166;534
7167;493
7168;484
7169;355
7170;192
7171;47
7172;0
7173;0
7174;0
7175;0
7176;0
7177;0
7178;0
7179;0
7180;0
7181;0
7182;0
7183;0
7184;0
7185;41
7186;188
7187;417
7188;493
7189;558
7190;462
7191;422
7192;371
7193;317
7194;102
7195;8
7196;0
7197;0
7198;0
7199;0
7200;0
7201;0
7202;0
7203;0
7204;0
7205;0
7206;0
7207;0
7208;0
7209;11
7210;12
7211;112
7212;153
7213;301
7214;333
7215;347
7216;197
7217;95
7218;74
7219;30
7220;0
7221;0
7222;0
7223;0
7224;0
7225;0
7226;0
7227;0
7228;0
7229;0
7230;0
7231;0
7232;0
7233;29
7234;134
7235;212
7236;252
7237;318
7238;227
7239;243
7240;138
7241;39
7242;4
7243;21
7244;0
7245;0
7246;0
7247;0
7248;0
7249;0
7250;0
7251;0
7252;0
7253;0
7254;0
7255;0
7256;0
7257;20
7258;67
7259;122
7260;111
7261;332
7262;345
7263;445
7264;217
7265;238
7266;173
7267;32
7268;0
7269;0
7270;0
7271;0
7272;0
7273;0
7274;0
7275;0
7276;0
7277;0
7278;0
7279;0
7280;0
7281;16
7282;75
7283;169
7284;70
7285;171
7286;247
7287;339
7288;228
7289;210
7290;66
7291;14
7292;0
7293;0
7294;0
7295;0
7296;0
7297;0
7298;0
7299;0
7300;0
7301;0
7302;0
7303;0
7304;0
7305;7
7306;126
7307;334
7308;354
7309;168
7310;169
7311;328
7312;291
7313;268
7314;162
7315;32
7316;0
7317;0
7318;0
7319;0
7320;0
7321;0
7322;0
7323;0
7324;0
7325;0
7326;0
7327;0
7328;0
7329;1
7330;71
7331;142
7332;163
7333;197
7334;155
7335;163
7336;171
7337;85
7338;66
7339;17
7340;0
7341;0
7342;0
7343;0
7344;0
7345;0
7346;0
7347;0
7348;0
7349;0
7350;0
7351;0
7352;0
7353;26
7354;177
7355;240
7356;401
7357;472
7358;337
7359;361
7360;322
7361;207
7362;37
7363;9
7364;0
7365;0
7366;0
7367;0
7368;0
7369;0
7370;0
7371;0
7372;0
7373;0
7374;0
7375;0
7376;0
7377;10
7378;69
7379;181
7380;239
7381;177
7382;228
7383;370
7384;207
7385;137
7386;8
7387;15
7388;0
7389;0
7390;0
7391;0
7392;0
7393;0
7394;0
7395;0
7396;0
7397;0
7398;0
7399;0
7400;0
7401;17
7402;93
7403;140
7404;169
7405;209
7406;418
7407;354
7408;264
7409;122
7410;70
7411;7
7412;0
7413;0
7414;0
7415;0
7416;0
7417;0
7418;0
7419;0
7420;0
7421;0
7422;0
7423;0
7424;0
7425;7
7426;84
7427;278
7428;310
7429;259
7430;275
7431;205
7432;95
7433;61
7434;53
7435;6
7436;0
7437;0
7438;0
7439;0
7440;0
7441;0
7442;0
7443;0
7444;0
7445;0
7446;0
7447;0
7448;0
7449;6
7450;31
7451;162
7452;292
7453;305
7454;365
7455;259
7456;316
7457;258
7458;134
7459;8
7460;0
7461;0
7462;0
7463;0
7464;0
7465;0
7466;0
7467;0
7468;0
7469;0
7470;0
7471;0
7472;0
7473;17
7474;143
7475;336
7476;285
7477;366
7478;366
7479;309
7480;208
7481;211
7482;98
7483;12
7484;0
7485;0
7486;0
7487;0
7488;0
7489;0
7490;0
7491;0
7492;0
7493;0
7494;0
7495;0
7496;0
7497;16
7498;167
7499;329
7500;480
7501;530
7502;592
7503;544
7504;450
7505;341
7506;124
7507;12
7508;0
7509;0
7510;0
7511;0
7512;0
7513;0
7514;0
7515;0
7516;0
7517;0
7518;0
7519;0
7520;0
7521;10
7522;106
7523;297
7524;462
7525;504
7526;396
7527;262
7528;300
7529;77
7530;31
7531;7
7532;0
7533;0
7534;0
7535;0
7536;0
7537;0
7538;0
7539;0
7540;0
7541;0
7542;0
7543;0
7544;0
7545;0
7546;136
7547;265
7548;283
7549;499
7550;463
7551;447
7552;393
7553;264
7554;151
7555;0
7556;0
7557;0
7558;0
7559;0
7560;0
7561;0
7562;0
7563;0
7564;0
7565;0
7566;0
7567;0
7568;0
7569;0
7570;24
7571;128
7572;255
7573;219
7574;212
7575;3
7576;116
7577;51
7578;44
7579;0
7580;0
7581;0
7582;0
7583;0
7584;0
7585;0
7586;0
7587;0
7588;0
7589;0
7590;0
7591;0
7592;0
7593;0
7594;75
7595;161
7596;329
7597;330
7598;369
7599;477
7600;389
7601;248
7602;117
7603;0
7604;0
7605;0
7606;0
7607;0
7608;0
7609;0
7610;0
7611;0
7612;0
7613;0
7614;0
7615;0
7616;0
7617;0
7618;37
7619;76
7620;164
7621;306
7622;253
7623;205
7624;117
7625;61
7626;49
7627;0
7628;0
7629;0
7630;0
7631;0
7632;0
7633;0
7634;0
7635;0
7636;0
7637;0
7638;0
7639;0
7640;0
7641;0
7642;87
7643;163
7644;294
7645;333
7646;452
7647;354
7648;290
7649;206
7650;121
7651;0
7652;0
7653;0
7654;0
7655;0
7656;0
7657;0
7658;0
7659;0
7660;0
7661;0
7662;0
7663;0
7664;0
7665;0
7666;97
7667;264
7668;361
7669;465
7670;501
7671;524
7672;433
7673;253
7674;95
7675;0
7676;0
7677;0
7678;0
7679;0
7680;0
7681;0
7682;0
7683;0
7684;0
7685;0
7686;0
7687;0
7688;0
7689;0
7690;102
7691;286
7692;385
7693;465
7694;463
7695;371
7696;332
7697;227
7698;105
7699;0
7700;0
7701;0
7702;0
7703;0
7704;0
7705;0
7706;0
7707;0
7708;0
7709;0
7710;0
7711;0
7712;0
7713;0
7714;100
7715;205
7716;319
7717;410
7718;486
7719;390
7720;342
7721;263
7722;112
7723;0
7724;0
7725;0
7726;0
7727;0
7728;0
7729;0
7730;0
7731;0
7732;0
7733;0
7734;0
7735;0
7736;0
7737;0
7738;38
7739;89
7740;163
7741;138
7742;91
7743;105
7744;70
7745;66
7746;12
7747;0
7748;0
7749;0
7750;0
7751;0
7752;0
7753;0
7754;0
7755;0
7756;0
7757;0
7758;0
7759;0
7760;0
7761;0
7762;79
7763;144
7764;145
7765;165
7766;208
7767;273
7768;259
7769;99
7770;48
7771;0
7772;0
7773;0
7774;0
7775;0
7776;0
7777;0
7778;0
7779;0
7780;0
7781;0
7782;0
7783;0
7784;0
7785;0
7786;24
7787;135
7788;262
7789;270
7790;229
7791;162
7792;209
7793;161
7794;49
7795;0
7796;0
7797;0
7798;0
7799;0
7800;0
7801;0
7802;0
7803;0
7804;0
7805;0
7806;0
7807;0
7808;0
7809;0
7810;28
7811;95
7812;91
7813;208
7814;100
7815;293
7816;258
7817;278
7818;94
7819;0
7820;0
7821;0
7822;0
7823;0
7824;0
7825;0
7826;0
7827;0
7828;0
7829;0
7830;0
7831;0
7832;0
7833;0
7834;53
7835;191
7836;272
7837;328
7838;418
7839;460
7840;377
7841;174
7842;92
7843;0
7844;0
7845;0
7846;0
7847;0
7848;0
7849;0
7850;0
7851;0
7852;0
7853;0
7854;0
7855;0
7856;0
7857;0
7858;97
7859;239
7860;231
7861;269
7862;252
7863;299
7864;302
7865;182
7866;71
7867;0
7868;0
7869;0
7870;0
7871;0
7872;0
7873;0
7874;0
7875;0
7876;0
7877;0
7878;0
7879;0
7880;0
7881;0
7882;107
7883;283
7884;426
7885;475
7886;537
7887;503
7888;366
7889;268
7890;112
7891;0
7892;0
7893;0
7894;0
7895;0
7896;0
7897;0
7898;0
7899;0
7900;0
7901;0
7902;0
7903;0
7904;0
7905;0
7906;34
7907;81
7908;112
7909;204
7910;346
7911;296
7912;144
7913;122
7914;20
7915;0
7916;0
7917;0
7918;0
7919;0
7920;0
7921;0
7922;0
7923;0
7924;0
7925;0
7926;0
7927;0
7928;0
7929;0
7930;26
7931;183
7932;136
7933;135
7934;316
7935;227
7936;206
7937;68
7938;17
7939;0
7940;0
7941;0
7942;0
7943;0
7944;0
7945;0
7946;0
7947;0
7948;0
7949;0
7950;0
7951;0
7952;0
7953;0
7954;105
7955;285
7956;426
7957;470
7958;514
7959;502
7960;395
7961;261
7962;80
7963;0
7964;0
7965;0
7966;0
7967;0
7968;0
7969;0
7970;0
7971;0
7972;0
7973;0
7974;0
7975;0
7976;0
7977;0
7978;98
7979;260
7980;403
7981;492
7982;558
7983;448
7984;391
7985;263
7986;113
7987;0
7988;0
7989;0
7990;0
7991;0
7992;0
7993;0
7994;0
7995;0
7996;0
7997;0
7998;0
7999;0
8000;0
8001;0
8002;109
8003;291
8004;415
8005;445
8006;395
8007;479
8008;379
8009;236
8010;116
8011;0
8012;0
8013;0
8014;0
8015;0
8016;0
8017;0
8018;0
8019;0
8020;0
8021;0
8022;0
8023;0
8024;0
8025;0
8026;76
8027;249
8028;350
8029;473
8030;474
8031;420
8032;322
8033;273
8034;94
8035;0
8036;0
8037;0
8038;0
8039;0
8040;0
8041;0
8042;0
8043;0
8044;0
8045;0
8046;0
8047;0
8048;0
8049;0
8050;107
8051;291
8052;397
8053;487
8054;557
8055;533
8056;438
8057;266
8058;73
8059;0
8060;0
8061;0
8062;0
8063;0
8064;0
8065;0
8066;0
8067;0
8068;0
8069;0
8070;0
8071;0
8072;0
8073;0
8074;59
8075;201
8076;377
8077;435
8078;472
8079;483
8080;443
8081;267
8082;113
8083;0
8084;0
8085;0
8086;0
8087;0
8088;0
8089;0
8090;0
8091;0
8092;0
8093;0
8094;0
8095;0
8096;0
8097;0
8098;19
8099;52
8100;89
8101;207
8102;282
8103;202
8104;82
8105;138
8106;29
8107;0
8108;0
8109;0
8110;0
8111;0
8112;0
8113;0
8114;0
8115;0
8116;0
8117;0
8118;0
8119;0
8120;0
8121;0
8122;32
8123;78
8124;133
8125;198
8126;248
8127;190
8128;110
8129;101
8130;9
8131;0
8132;0
8133;0
8134;0
8135;0
8136;0
8137;0
8138;0
8139;0
8140;0
8141;0
8142;0
8143;0
8144;0
8145;0
8146;88
8147;241
8148;357
8149;439
8150;454
8151;444
8152;362
8153;265
8154;99
8155;0
8156;0
8157;0
8158;0
8159;0
8160;0
8161;0
8162;0
8163;0
8164;0
8165;0
8166;0
8167;0
8168;0
8169;0
8170;103
8171;151
8172;178
8173;383
8174;395
8175;428
8176;333
8177;153
8178;59
8179;0
8180;0
8181;0
8182;0
8183;0
8184;0
8185;0
8186;0
8187;0
8188;0
8189;0
8190;0
8191;0
8192;0
8193;0
8194;53
8195;181
8196;377
8197;260
8198;4
8199;106
8200;164
8201;142
8202;47
8203;0
8204;0
8205;0
8206;0
8207;0
8208;0
8209;0
8210;0
8211;0
8212;0
8213;0
8214;0
8215;0
8216;0
8217;0
8218;77
8219;246
8220;208
8221;257
8222;443
8223;355
8224;278
8225;219
8226;46
8227;0
8228;0
8229;0
8230;0
8231;0
8232;0
8233;0
8234;0
8235;0
8236;0
8237;0
8238;0
8239;0
8240;0
8241;0
8242;68
8243;176
8244;363
8245;412
8246;478
8247;473
8248;383
8249;233
8250;61
8251;0
8252;0
8253;0
8254;0
8255;0
8256;0
8257;0
8258;0
8259;0
8260;0
8261;0
8262;0
8263;0
8264;0
8265;0
8266;29
8267;100
8268;140
8269;145
8270;125
8271;92
8272;206
8273;90
8274;41
8275;0
8276;0
8277;0
8278;0
8279;0
8280;0
8281;0
8282;0
8283;0
8284;0
8285;0
8286;0
8287;0
8288;0
8289;0
8290;20
8291;108
8292;145
8293;169
8294;354
8295;163
8296;130
8297;142
8298;64
8299;0
8300;0
8301;0
8302;0
8303;0
8304;0
8305;0
8306;0
8307;0
8308;0
8309;0
8310;0
8311;0
8312;0
8313;0
8314;40
8315;166
8316;205
8317;311
8318;278
8319;302
8320;210
8321;141
8322;79
8323;0
8324;0
8325;0
8326;0
8327;0
8328;0
8329;0
8330;0
8331;0
8332;0
8333;0
8334;0
8335;0
8336;0
8337;0
8338;13
8339;31
8340;54
8341;62
8342;96
8343;42
8344;9
8345;7
8346;2
8347;0
8348;0
8349;0
8350;0
8351;0
8352;0
8353;0
8354;0
8355;0
8356;0
8357;0
8358;0
8359;0
8360;0
8361;0
8362;72
8363;178
8364;312
8365;409
8366;467
8367;414
8368;247
8369;155
8370;28
8371;0
8372;0
8373;0
8374;0
8375;0
8376;0
8377;0
8378;0
8379;0
8380;0
8381;0
8382;0
8383;0
8384;0
8385;0
8386;27
8387;89
8388;125
8389;172
8390;170
8391;118
8392;113
8393;76
8394;12
8395;0
8396;0
8397;0
8398;0
8399;0
8400;0
8401;0
8402;0
8403;0
8404;0
8405;0
8406;0
8407;0
8408;0
8409;0
8410;74
8411;132
8412;178
8413;126
8414;239
8415;304
8416;252
8417;130
8418;7
8419;0
8420;0
8421;0
8422;0
8423;0
8424;0
8425;0
8426;0
8427;0
8428;0
8429;0
8430;0
8431;0
8432;0
8433;0
8434;79
8435;217
8436;179
8437;310
8438;352
8439;300
8440;288
8441;168
8442;24
8443;0
8444;0
8445;0
8446;0
8447;0
8448;0
8449;0
8450;0
8451;0
8452;0
8453;0
8454;0
8455;0
8456;0
8457;0
8458;72
8459;144
8460;225
8461;276
8462;370
8463;328
8464;344
8465;219
8466;60
8467;0
8468;0
8469;0
8470;0
8471;0
8472;0
8473;0
8474;0
8475;0
8476;0
8477;0
8478;0
8479;0
8480;0
8481;0
8482;75
8483;231
8484;353
8485;353
8486;432
8487;240
8488;314
8489;193
8490;51
8491;0
8492;0
8493;0
8494;0
8495;0
8496;0
8497;0
8498;0
8499;0
8500;0
8501;0
8502;0
8503;0
8504;0
8505;0
8506;46
8507;215
8508;311
8509;339
8510;471
8511;458
8512;372
8513;214
8514;63
8515;0
8516;0
8517;0
8518;0
8519;0
8520;0
8521;0
8522;0
8523;0
8524;0
8525;0
8526;0
8527;0
8528;0
8529;0
8530;70
8531;208
8532;302
8533;385
8534;462
8535;433
8536;334
8537;217
8538;62
8539;0
8540;0
8541;0
8542;0
8543;0
8544;0
8545;0
8546;0
8547;0
8548;0
8549;0
8550;0
8551;0
8552;0
8553;0
8554;24
8555;54
8556;115
8557;39
8558;100
8559;167
8560;176
8561;99
8562;25
8563;0
8564;0
8565;0
8566;0
8567;0
8568;0
8569;0
8570;0
8571;0
8572;0
8573;0
8574;0
8575;0
8576;0
8577;0
8578;63
8579;166
8580;257
8581;216
8582;192
8583;244
8584;261
8585;221
8586;46
8587;0
8588;0
8589;0
8590;0
8591;0
8592;0
8593;0
8594;0
8595;0
8596;0
8597;0
8598;0
8599;0
8600;0
8601;0
8602;29
8603;148
8604;278
8605;290
8606;301
8607;183
8608;175
8609;8
8610;8
8611;0
8612;0
8613;0
8614;0
8615;0
8616;0
8617;0
8618;0
8619;0
8620;0
8621;0
8622;0
8623;0
8624;0
8625;0
8626;71
8627;227
8628;305
8629;409
8630;426
8631;437
8632;376
8633;228
8634;81
8635;0
8636;0
8637;0
8638;0
8639;0
8640;0
8641;0
8642;0
8643;0
8644;0
8645;0
8646;0
8647;0
8648;0
8649;0
8650;52
8651;248
8652;388
8653;465
8654;469
8655;441
8656;345
8657;225
8658;86
8659;0
8660;0
8661;0
8662;0
8663;0
8664;0
8665;0
8666;0
8667;0
8668;0
8669;0
8670;0
8671;0
8672;0
8673;0
8674;87
8675;205
8676;389
8677;440
8678;442
8679;379
8680;298
8681;179
8682;34
8683;0
8684;0
8685;0
8686;0
8687;0
8688;0
8689;0
8690;0
8691;0
8692;0
8693;0
8694;0
8695;0
8696;0
8697;0
8698;87
8699;188
8700;252
8701;330
8702;557
8703;286
8704;161
8705;121
8706;66
8707;0
8708;0
8709;0
8710;0
8711;0
8712;0
8713;0
8714;0
8715;0
8716;0
8717;0
8718;0
8719;0
8720;0
8721;0
8722;69
8723;148
8724;313
8725;374
8726;476
8727;409
8728;302
8729;187
8730;73
8731;0
8732;0
8733;0
8734;0
8735;0
8736;0
8737;0
8738;0
8739;0
8740;0
8741;0
8742;0
8743;0
8744;0
8745;0
8746;49
8747;135
8748;323
8749;287
8750;319
8751;304
8752;206
8753;95
8754;42
8755;0
8756;0
8757;0
8758;0
8759;0
8760;0
